position_id,side,product,currency,time_years,cashflow_try_mn,cashflow_type
AUR-0001,asset,cash_and_reserves,TRY,0.002740,3.502223,interest
AUR-0001,asset,cash_and_reserves,TRY,0.002740,3765.537777,principal
AUR-0002,asset,cash_and_reserves,TRY,0.002740,4.836144,interest
AUR-0002,asset,cash_and_reserves,TRY,0.002740,5296.943868,principal
AUR-0003,asset,cash_and_reserves,TRY,0.002740,1.811857,interest
AUR-0003,asset,cash_and_reserves,TRY,0.002740,1981.046922,principal
AUR-0004,asset,cash_and_reserves,TRY,0.002740,0.885066,interest
AUR-0004,asset,cash_and_reserves,TRY,0.002740,956.471433,principal
AUR-0005,asset,interbank_assets,TRY,0.136214,55.621663,interest
AUR-0005,asset,interbank_assets,TRY,0.136214,1047.312767,principal
AUR-0006,asset,interbank_assets,TRY,0.131187,225.958797,interest
AUR-0006,asset,interbank_assets,TRY,0.262374,225.958797,interest
AUR-0006,asset,interbank_assets,TRY,0.262374,4421.826412,principal
AUR-0007,asset,interbank_assets,TRY,0.249684,150.226471,interest
AUR-0007,asset,interbank_assets,TRY,0.249684,1535.795959,principal
AUR-0008,asset,interbank_assets,TRY,0.248604,98.116516,interest
AUR-0008,asset,interbank_assets,TRY,0.248604,995.064862,principal
AUR-0009,asset,government_securities,TRY,0.496324,183.590890,interest
AUR-0009,asset,government_securities,TRY,0.992648,183.590890,interest
AUR-0009,asset,government_securities,TRY,1.488972,183.590890,interest
AUR-0009,asset,government_securities,TRY,1.985296,183.590890,interest
AUR-0009,asset,government_securities,TRY,2.481620,183.590890,interest
AUR-0009,asset,government_securities,TRY,2.977944,183.590890,interest
AUR-0009,asset,government_securities,TRY,3.474268,183.590890,interest
AUR-0009,asset,government_securities,TRY,3.970592,183.590890,interest
AUR-0009,asset,government_securities,TRY,4.466916,183.590890,interest
AUR-0009,asset,government_securities,TRY,4.963240,183.590890,interest
AUR-0009,asset,government_securities,TRY,4.963240,1165.703656,principal
AUR-0010,asset,government_securities,TRY,0.474830,1505.087233,interest
AUR-0010,asset,government_securities,TRY,0.949660,1505.087233,interest
AUR-0010,asset,government_securities,TRY,1.424490,1505.087233,interest
AUR-0010,asset,government_securities,TRY,1.899320,1505.087233,interest
AUR-0010,asset,government_securities,TRY,2.374151,1505.087233,interest
AUR-0010,asset,government_securities,TRY,2.848981,1505.087233,interest
AUR-0010,asset,government_securities,TRY,3.323811,1505.087233,interest
AUR-0010,asset,government_securities,TRY,3.798641,1505.087233,interest
AUR-0010,asset,government_securities,TRY,4.273471,1505.087233,interest
AUR-0010,asset,government_securities,TRY,4.273471,9984.054409,principal
AUR-0011,asset,government_securities,TRY,0.493438,141.061465,interest
AUR-0011,asset,government_securities,TRY,0.986876,141.061465,interest
AUR-0011,asset,government_securities,TRY,1.480314,141.061465,interest
AUR-0011,asset,government_securities,TRY,1.973752,141.061465,interest
AUR-0011,asset,government_securities,TRY,2.467190,141.061465,interest
AUR-0011,asset,government_securities,TRY,2.960628,141.061465,interest
AUR-0011,asset,government_securities,TRY,3.454066,141.061465,interest
AUR-0011,asset,government_securities,TRY,3.947504,141.061465,interest
AUR-0011,asset,government_securities,TRY,4.440942,141.061465,interest
AUR-0011,asset,government_securities,TRY,4.934380,141.061465,interest
AUR-0011,asset,government_securities,TRY,5.427818,141.061465,interest
AUR-0011,asset,government_securities,TRY,5.921256,141.061465,interest
AUR-0011,asset,government_securities,TRY,6.414694,141.061465,interest
AUR-0011,asset,government_securities,TRY,6.908132,141.061465,interest
AUR-0011,asset,government_securities,TRY,7.401570,141.061465,interest
AUR-0011,asset,government_securities,TRY,7.895008,141.061465,interest
AUR-0011,asset,government_securities,TRY,8.388446,141.061465,interest
AUR-0011,asset,government_securities,TRY,8.388446,879.317216,principal
AUR-0012,asset,government_securities,TRY,0.377920,490.602562,interest
AUR-0012,asset,government_securities,TRY,0.755841,490.602562,interest
AUR-0012,asset,government_securities,TRY,1.133761,490.602562,interest
AUR-0012,asset,government_securities,TRY,1.511682,490.602562,interest
AUR-0012,asset,government_securities,TRY,1.511682,4082.365484,principal
AUR-0013,asset,government_securities,TRY,0.481696,247.177184,interest
AUR-0013,asset,government_securities,TRY,0.963392,247.177184,interest
AUR-0013,asset,government_securities,TRY,1.445088,247.177184,interest
AUR-0013,asset,government_securities,TRY,1.926784,247.177184,interest
AUR-0013,asset,government_securities,TRY,2.408479,247.177184,interest
AUR-0013,asset,government_securities,TRY,2.890175,247.177184,interest
AUR-0013,asset,government_securities,TRY,3.371871,247.177184,interest
AUR-0013,asset,government_securities,TRY,3.853567,247.177184,interest
AUR-0013,asset,government_securities,TRY,4.335263,247.177184,interest
AUR-0013,asset,government_securities,TRY,4.816959,247.177184,interest
AUR-0013,asset,government_securities,TRY,5.298655,247.177184,interest
AUR-0013,asset,government_securities,TRY,5.780351,247.177184,interest
AUR-0013,asset,government_securities,TRY,6.262047,247.177184,interest
AUR-0013,asset,government_securities,TRY,6.743742,247.177184,interest
AUR-0013,asset,government_securities,TRY,7.225438,247.177184,interest
AUR-0013,asset,government_securities,TRY,7.707134,247.177184,interest
AUR-0013,asset,government_securities,TRY,8.188830,247.177184,interest
AUR-0013,asset,government_securities,TRY,8.670526,247.177184,interest
AUR-0013,asset,government_securities,TRY,8.670526,1650.276104,principal
AUR-0014,asset,government_securities,TRY,0.483795,338.919009,interest
AUR-0014,asset,government_securities,TRY,0.967590,338.919009,interest
AUR-0014,asset,government_securities,TRY,1.451385,338.919009,interest
AUR-0014,asset,government_securities,TRY,1.935180,338.919009,interest
AUR-0014,asset,government_securities,TRY,2.418975,338.919009,interest
AUR-0014,asset,government_securities,TRY,2.902770,338.919009,interest
AUR-0014,asset,government_securities,TRY,3.386565,338.919009,interest
AUR-0014,asset,government_securities,TRY,3.870360,338.919009,interest
AUR-0014,asset,government_securities,TRY,4.354155,338.919009,interest
AUR-0014,asset,government_securities,TRY,4.837950,338.919009,interest
AUR-0014,asset,government_securities,TRY,5.321745,338.919009,interest
AUR-0014,asset,government_securities,TRY,5.805540,338.919009,interest
AUR-0014,asset,government_securities,TRY,6.289335,338.919009,interest
AUR-0014,asset,government_securities,TRY,6.773130,338.919009,interest
AUR-0014,asset,government_securities,TRY,7.256925,338.919009,interest
AUR-0014,asset,government_securities,TRY,7.740720,338.919009,interest
AUR-0014,asset,government_securities,TRY,8.224515,338.919009,interest
AUR-0014,asset,government_securities,TRY,8.708310,338.919009,interest
AUR-0014,asset,government_securities,TRY,8.708310,2260.393878,principal
AUR-0015,asset,government_securities,TRY,0.472113,272.892041,interest
AUR-0015,asset,government_securities,TRY,0.944226,272.892041,interest
AUR-0015,asset,government_securities,TRY,1.416338,272.892041,interest
AUR-0015,asset,government_securities,TRY,1.888451,272.892041,interest
AUR-0015,asset,government_securities,TRY,2.360564,272.892041,interest
AUR-0015,asset,government_securities,TRY,2.832677,272.892041,interest
AUR-0015,asset,government_securities,TRY,3.304789,272.892041,interest
AUR-0015,asset,government_securities,TRY,3.776902,272.892041,interest
AUR-0015,asset,government_securities,TRY,3.776902,1836.646369,principal
AUR-0016,asset,government_securities,TRY,0.494903,333.552273,interest
AUR-0016,asset,government_securities,TRY,0.989805,333.552273,interest
AUR-0016,asset,government_securities,TRY,1.484708,333.552273,interest
AUR-0016,asset,government_securities,TRY,1.979611,333.552273,interest
AUR-0016,asset,government_securities,TRY,2.474514,333.552273,interest
AUR-0016,asset,government_securities,TRY,2.969416,333.552273,interest
AUR-0016,asset,government_securities,TRY,3.464319,333.552273,interest
AUR-0016,asset,government_securities,TRY,3.959222,333.552273,interest
AUR-0016,asset,government_securities,TRY,4.454124,333.552273,interest
AUR-0016,asset,government_securities,TRY,4.949027,333.552273,interest
AUR-0016,asset,government_securities,TRY,5.443930,333.552273,interest
AUR-0016,asset,government_securities,TRY,5.938832,333.552273,interest
AUR-0016,asset,government_securities,TRY,6.433735,333.552273,interest
AUR-0016,asset,government_securities,TRY,6.928638,333.552273,interest
AUR-0016,asset,government_securities,TRY,7.423541,333.552273,interest
AUR-0016,asset,government_securities,TRY,7.918443,333.552273,interest
AUR-0016,asset,government_securities,TRY,8.413346,333.552273,interest
AUR-0016,asset,government_securities,TRY,8.413346,2141.242884,principal
AUR-0017,asset,corporate_bonds,TRY,0.476243,137.171144,interest
AUR-0017,asset,corporate_bonds,TRY,0.952487,137.171144,interest
AUR-0017,asset,corporate_bonds,TRY,1.428730,137.171144,interest
AUR-0017,asset,corporate_bonds,TRY,1.904973,137.171144,interest
AUR-0017,asset,corporate_bonds,TRY,2.381216,137.171144,interest
AUR-0017,asset,corporate_bonds,TRY,2.857460,137.171144,interest
AUR-0017,asset,corporate_bonds,TRY,3.333703,137.171144,interest
AUR-0017,asset,corporate_bonds,TRY,3.809946,137.171144,interest
AUR-0017,asset,corporate_bonds,TRY,4.286190,137.171144,interest
AUR-0017,asset,corporate_bonds,TRY,4.762433,137.171144,interest
AUR-0017,asset,corporate_bonds,TRY,4.762433,813.872339,principal
AUR-0018,asset,corporate_bonds,TRY,0.477500,279.690495,interest
AUR-0018,asset,corporate_bonds,TRY,0.954999,279.690495,interest
AUR-0018,asset,corporate_bonds,TRY,1.432499,279.690495,interest
AUR-0018,asset,corporate_bonds,TRY,1.909998,279.690495,interest
AUR-0018,asset,corporate_bonds,TRY,2.387498,279.690495,interest
AUR-0018,asset,corporate_bonds,TRY,2.864998,279.690495,interest
AUR-0018,asset,corporate_bonds,TRY,3.342497,279.690495,interest
AUR-0018,asset,corporate_bonds,TRY,3.819997,279.690495,interest
AUR-0018,asset,corporate_bonds,TRY,4.297496,279.690495,interest
AUR-0018,asset,corporate_bonds,TRY,4.774996,279.690495,interest
AUR-0018,asset,corporate_bonds,TRY,4.774996,1672.287349,principal
AUR-0019,asset,corporate_bonds,TRY,0.462285,126.411507,interest
AUR-0019,asset,corporate_bonds,TRY,0.924570,126.411507,interest
AUR-0019,asset,corporate_bonds,TRY,1.386855,126.411507,interest
AUR-0019,asset,corporate_bonds,TRY,1.849141,126.411507,interest
AUR-0019,asset,corporate_bonds,TRY,2.311426,126.411507,interest
AUR-0019,asset,corporate_bonds,TRY,2.773711,126.411507,interest
AUR-0019,asset,corporate_bonds,TRY,3.235996,126.411507,interest
AUR-0019,asset,corporate_bonds,TRY,3.235996,793.528183,principal
AUR-0020,asset,corporate_bonds,TRY,0.497526,125.021215,interest
AUR-0020,asset,corporate_bonds,TRY,0.995052,125.021215,interest
AUR-0020,asset,corporate_bonds,TRY,1.492578,125.021215,interest
AUR-0020,asset,corporate_bonds,TRY,1.990104,125.021215,interest
AUR-0020,asset,corporate_bonds,TRY,2.487630,125.021215,interest
AUR-0020,asset,corporate_bonds,TRY,2.985156,125.021215,interest
AUR-0020,asset,corporate_bonds,TRY,3.482682,125.021215,interest
AUR-0020,asset,corporate_bonds,TRY,3.980208,125.021215,interest
AUR-0020,asset,corporate_bonds,TRY,4.477734,125.021215,interest
AUR-0020,asset,corporate_bonds,TRY,4.975260,125.021215,interest
AUR-0020,asset,corporate_bonds,TRY,4.975260,720.312129,principal
AUR-0021,asset,retail_loans_fixed,TRY,0.442674,437.232575,interest
AUR-0021,asset,retail_loans_fixed,TRY,0.442674,423.899296,principal
AUR-0021,asset,retail_loans_fixed,TRY,0.885348,349.786060,interest
AUR-0021,asset,retail_loans_fixed,TRY,0.885348,423.899296,principal
AUR-0021,asset,retail_loans_fixed,TRY,1.328023,262.339545,interest
AUR-0021,asset,retail_loans_fixed,TRY,1.328023,423.899296,principal
AUR-0021,asset,retail_loans_fixed,TRY,1.770697,174.893030,interest
AUR-0021,asset,retail_loans_fixed,TRY,1.770697,423.899296,principal
AUR-0021,asset,retail_loans_fixed,TRY,2.213371,87.446515,interest
AUR-0021,asset,retail_loans_fixed,TRY,2.213371,423.899296,principal
AUR-0022,asset,retail_loans_fixed,TRY,0.422817,61.113180,interest
AUR-0022,asset,retail_loans_fixed,TRY,0.422817,61.944951,principal
AUR-0022,asset,retail_loans_fixed,TRY,0.845633,48.890544,interest
AUR-0022,asset,retail_loans_fixed,TRY,0.845633,61.944951,principal
AUR-0022,asset,retail_loans_fixed,TRY,1.268450,36.667908,interest
AUR-0022,asset,retail_loans_fixed,TRY,1.268450,61.944951,principal
AUR-0022,asset,retail_loans_fixed,TRY,1.691266,24.445272,interest
AUR-0022,asset,retail_loans_fixed,TRY,1.691266,61.944951,principal
AUR-0022,asset,retail_loans_fixed,TRY,2.114083,12.222636,interest
AUR-0022,asset,retail_loans_fixed,TRY,2.114083,61.944951,principal
AUR-0023,asset,retail_loans_fixed,TRY,0.409061,370.167371,interest
AUR-0023,asset,retail_loans_fixed,TRY,0.409061,388.615361,principal
AUR-0023,asset,retail_loans_fixed,TRY,0.818121,296.133896,interest
AUR-0023,asset,retail_loans_fixed,TRY,0.818121,388.615361,principal
AUR-0023,asset,retail_loans_fixed,TRY,1.227182,222.100422,interest
AUR-0023,asset,retail_loans_fixed,TRY,1.227182,388.615361,principal
AUR-0023,asset,retail_loans_fixed,TRY,1.636242,148.066948,interest
AUR-0023,asset,retail_loans_fixed,TRY,1.636242,388.615361,principal
AUR-0023,asset,retail_loans_fixed,TRY,2.045303,74.033474,interest
AUR-0023,asset,retail_loans_fixed,TRY,2.045303,388.615361,principal
AUR-0024,asset,retail_loans_fixed,TRY,0.407709,192.503841,interest
AUR-0024,asset,retail_loans_fixed,TRY,0.407709,341.248011,principal
AUR-0024,asset,retail_loans_fixed,TRY,0.815418,128.335894,interest
AUR-0024,asset,retail_loans_fixed,TRY,0.815418,341.248011,principal
AUR-0024,asset,retail_loans_fixed,TRY,1.223127,64.167947,interest
AUR-0024,asset,retail_loans_fixed,TRY,1.223127,341.248011,principal
AUR-0025,asset,retail_loans_fixed,TRY,0.439892,949.448608,interest
AUR-0025,asset,retail_loans_fixed,TRY,0.439892,579.322403,principal
AUR-0025,asset,retail_loans_fixed,TRY,0.879784,830.767532,interest
AUR-0025,asset,retail_loans_fixed,TRY,0.879784,579.322403,principal
AUR-0025,asset,retail_loans_fixed,TRY,1.319676,712.086456,interest
AUR-0025,asset,retail_loans_fixed,TRY,1.319676,579.322403,principal
AUR-0025,asset,retail_loans_fixed,TRY,1.759568,593.405380,interest
AUR-0025,asset,retail_loans_fixed,TRY,1.759568,579.322403,principal
AUR-0025,asset,retail_loans_fixed,TRY,2.199460,474.724304,interest
AUR-0025,asset,retail_loans_fixed,TRY,2.199460,579.322403,principal
AUR-0025,asset,retail_loans_fixed,TRY,2.639352,356.043228,interest
AUR-0025,asset,retail_loans_fixed,TRY,2.639352,579.322403,principal
AUR-0025,asset,retail_loans_fixed,TRY,3.079244,237.362152,interest
AUR-0025,asset,retail_loans_fixed,TRY,3.079244,579.322403,principal
AUR-0025,asset,retail_loans_fixed,TRY,3.519136,118.681076,interest
AUR-0025,asset,retail_loans_fixed,TRY,3.519136,579.322403,principal
AUR-0026,asset,retail_loans_fixed,TRY,0.460166,644.779749,interest
AUR-0026,asset,retail_loans_fixed,TRY,0.460166,371.172338,principal
AUR-0026,asset,retail_loans_fixed,TRY,0.920332,564.182280,interest
AUR-0026,asset,retail_loans_fixed,TRY,0.920332,371.172338,principal
AUR-0026,asset,retail_loans_fixed,TRY,1.380499,483.584812,interest
AUR-0026,asset,retail_loans_fixed,TRY,1.380499,371.172338,principal
AUR-0026,asset,retail_loans_fixed,TRY,1.840665,402.987343,interest
AUR-0026,asset,retail_loans_fixed,TRY,1.840665,371.172338,principal
AUR-0026,asset,retail_loans_fixed,TRY,2.300831,322.389875,interest
AUR-0026,asset,retail_loans_fixed,TRY,2.300831,371.172338,principal
AUR-0026,asset,retail_loans_fixed,TRY,2.760998,241.792406,interest
AUR-0026,asset,retail_loans_fixed,TRY,2.760998,371.172338,principal
AUR-0026,asset,retail_loans_fixed,TRY,3.221164,161.194937,interest
AUR-0026,asset,retail_loans_fixed,TRY,3.221164,371.172338,principal
AUR-0026,asset,retail_loans_fixed,TRY,3.681330,80.597469,interest
AUR-0026,asset,retail_loans_fixed,TRY,3.681330,371.172338,principal
AUR-0027,asset,retail_loans_floating,TRY,0.144932,102.178702,interest
AUR-0027,asset,retail_loans_floating,TRY,0.144932,790.766156,principal
AUR-0027,asset,retail_loans_floating,TRY,0.289864,51.089351,interest
AUR-0027,asset,retail_loans_floating,TRY,0.289864,790.766156,principal
AUR-0028,asset,retail_loans_floating,TRY,0.133880,125.138484,interest
AUR-0028,asset,retail_loans_floating,TRY,0.133880,1039.276366,principal
AUR-0028,asset,retail_loans_floating,TRY,0.267759,62.569242,interest
AUR-0028,asset,retail_loans_floating,TRY,0.267759,1039.276366,principal
AUR-0029,asset,retail_loans_floating,TRY,0.219448,154.959296,interest
AUR-0029,asset,retail_loans_floating,TRY,0.219448,1585.123379,principal
AUR-0030,asset,retail_loans_floating,TRY,0.163315,121.904766,interest
AUR-0030,asset,retail_loans_floating,TRY,0.163315,1678.492565,principal
AUR-0031,asset,retail_loans_floating,TRY,0.095036,153.218269,interest
AUR-0031,asset,retail_loans_floating,TRY,0.095036,3687.788038,principal
AUR-0032,asset,retail_loans_floating,TRY,0.155728,164.237966,interest
AUR-0032,asset,retail_loans_floating,TRY,0.155728,1194.255486,principal
AUR-0032,asset,retail_loans_floating,TRY,0.311457,82.118983,interest
AUR-0032,asset,retail_loans_floating,TRY,0.311457,1194.255486,principal
AUR-0033,asset,mortgages,TRY,0.491164,1133.781159,interest
AUR-0033,asset,mortgages,TRY,0.491164,445.159255,principal
AUR-0033,asset,mortgages,TRY,0.982327,1052.796790,interest
AUR-0033,asset,mortgages,TRY,0.982327,445.159255,principal
AUR-0033,asset,mortgages,TRY,1.473491,971.812422,interest
AUR-0033,asset,mortgages,TRY,1.473491,445.159255,principal
AUR-0033,asset,mortgages,TRY,1.964655,890.828053,interest
AUR-0033,asset,mortgages,TRY,1.964655,445.159255,principal
AUR-0033,asset,mortgages,TRY,2.455818,809.843685,interest
AUR-0033,asset,mortgages,TRY,2.455818,445.159255,principal
AUR-0033,asset,mortgages,TRY,2.946982,728.859316,interest
AUR-0033,asset,mortgages,TRY,2.946982,445.159255,principal
AUR-0033,asset,mortgages,TRY,3.438146,647.874948,interest
AUR-0033,asset,mortgages,TRY,3.438146,445.159255,principal
AUR-0033,asset,mortgages,TRY,3.929309,566.890579,interest
AUR-0033,asset,mortgages,TRY,3.929309,445.159255,principal
AUR-0033,asset,mortgages,TRY,4.420473,485.906211,interest
AUR-0033,asset,mortgages,TRY,4.420473,445.159255,principal
AUR-0033,asset,mortgages,TRY,4.911636,404.921842,interest
AUR-0033,asset,mortgages,TRY,4.911636,445.159255,principal
AUR-0033,asset,mortgages,TRY,5.402800,323.937474,interest
AUR-0033,asset,mortgages,TRY,5.402800,445.159255,principal
AUR-0033,asset,mortgages,TRY,5.893964,242.953105,interest
AUR-0033,asset,mortgages,TRY,5.893964,445.159255,principal
AUR-0033,asset,mortgages,TRY,6.385127,161.968737,interest
AUR-0033,asset,mortgages,TRY,6.385127,445.159255,principal
AUR-0033,asset,mortgages,TRY,6.876291,80.984368,interest
AUR-0033,asset,mortgages,TRY,6.876291,445.159255,principal
AUR-0034,asset,mortgages,TRY,0.495334,278.206316,interest
AUR-0034,asset,mortgages,TRY,0.495334,84.069245,principal
AUR-0034,asset,mortgages,TRY,0.990668,262.750409,interest
AUR-0034,asset,mortgages,TRY,0.990668,84.069245,principal
AUR-0034,asset,mortgages,TRY,1.486002,247.294503,interest
AUR-0034,asset,mortgages,TRY,1.486002,84.069245,principal
AUR-0034,asset,mortgages,TRY,1.981336,231.838596,interest
AUR-0034,asset,mortgages,TRY,1.981336,84.069245,principal
AUR-0034,asset,mortgages,TRY,2.476671,216.382690,interest
AUR-0034,asset,mortgages,TRY,2.476671,84.069245,principal
AUR-0034,asset,mortgages,TRY,2.972005,200.926784,interest
AUR-0034,asset,mortgages,TRY,2.972005,84.069245,principal
AUR-0034,asset,mortgages,TRY,3.467339,185.470877,interest
AUR-0034,asset,mortgages,TRY,3.467339,84.069245,principal
AUR-0034,asset,mortgages,TRY,3.962673,170.014971,interest
AUR-0034,asset,mortgages,TRY,3.962673,84.069245,principal
AUR-0034,asset,mortgages,TRY,4.458007,154.559064,interest
AUR-0034,asset,mortgages,TRY,4.458007,84.069245,principal
AUR-0034,asset,mortgages,TRY,4.953341,139.103158,interest
AUR-0034,asset,mortgages,TRY,4.953341,84.069245,principal
AUR-0034,asset,mortgages,TRY,5.448675,123.647251,interest
AUR-0034,asset,mortgages,TRY,5.448675,84.069245,principal
AUR-0034,asset,mortgages,TRY,5.944009,108.191345,interest
AUR-0034,asset,mortgages,TRY,5.944009,84.069245,principal
AUR-0034,asset,mortgages,TRY,6.439343,92.735439,interest
AUR-0034,asset,mortgages,TRY,6.439343,84.069245,principal
AUR-0034,asset,mortgages,TRY,6.934678,77.279532,interest
AUR-0034,asset,mortgages,TRY,6.934678,84.069245,principal
AUR-0034,asset,mortgages,TRY,7.430012,61.823626,interest
AUR-0034,asset,mortgages,TRY,7.430012,84.069245,principal
AUR-0034,asset,mortgages,TRY,7.925346,46.367719,interest
AUR-0034,asset,mortgages,TRY,7.925346,84.069245,principal
AUR-0034,asset,mortgages,TRY,8.420680,30.911813,interest
AUR-0034,asset,mortgages,TRY,8.420680,84.069245,principal
AUR-0034,asset,mortgages,TRY,8.916014,15.455906,interest
AUR-0034,asset,mortgages,TRY,8.916014,84.069245,principal
AUR-0035,asset,mortgages,TRY,0.473475,213.865847,interest
AUR-0035,asset,mortgages,TRY,0.473475,68.316450,principal
AUR-0035,asset,mortgages,TRY,0.946950,201.984411,interest
AUR-0035,asset,mortgages,TRY,0.946950,68.316450,principal
AUR-0035,asset,mortgages,TRY,1.420426,190.102975,interest
AUR-0035,asset,mortgages,TRY,1.420426,68.316450,principal
AUR-0035,asset,mortgages,TRY,1.893901,178.221539,interest
AUR-0035,asset,mortgages,TRY,1.893901,68.316450,principal
AUR-0035,asset,mortgages,TRY,2.367376,166.340103,interest
AUR-0035,asset,mortgages,TRY,2.367376,68.316450,principal
AUR-0035,asset,mortgages,TRY,2.840851,154.458667,interest
AUR-0035,asset,mortgages,TRY,2.840851,68.316450,principal
AUR-0035,asset,mortgages,TRY,3.314327,142.577231,interest
AUR-0035,asset,mortgages,TRY,3.314327,68.316450,principal
AUR-0035,asset,mortgages,TRY,3.787802,130.695795,interest
AUR-0035,asset,mortgages,TRY,3.787802,68.316450,principal
AUR-0035,asset,mortgages,TRY,4.261277,118.814359,interest
AUR-0035,asset,mortgages,TRY,4.261277,68.316450,principal
AUR-0035,asset,mortgages,TRY,4.734752,106.932924,interest
AUR-0035,asset,mortgages,TRY,4.734752,68.316450,principal
AUR-0035,asset,mortgages,TRY,5.208227,95.051488,interest
AUR-0035,asset,mortgages,TRY,5.208227,68.316450,principal
AUR-0035,asset,mortgages,TRY,5.681703,83.170052,interest
AUR-0035,asset,mortgages,TRY,5.681703,68.316450,principal
AUR-0035,asset,mortgages,TRY,6.155178,71.288616,interest
AUR-0035,asset,mortgages,TRY,6.155178,68.316450,principal
AUR-0035,asset,mortgages,TRY,6.628653,59.407180,interest
AUR-0035,asset,mortgages,TRY,6.628653,68.316450,principal
AUR-0035,asset,mortgages,TRY,7.102128,47.525744,interest
AUR-0035,asset,mortgages,TRY,7.102128,68.316450,principal
AUR-0035,asset,mortgages,TRY,7.575604,35.644308,interest
AUR-0035,asset,mortgages,TRY,7.575604,68.316450,principal
AUR-0035,asset,mortgages,TRY,8.049079,23.762872,interest
AUR-0035,asset,mortgages,TRY,8.049079,68.316450,principal
AUR-0035,asset,mortgages,TRY,8.522554,11.881436,interest
AUR-0035,asset,mortgages,TRY,8.522554,68.316450,principal
AUR-0036,asset,mortgages,TRY,0.445639,278.340130,interest
AUR-0036,asset,mortgages,TRY,0.445639,185.657525,principal
AUR-0036,asset,mortgages,TRY,0.891278,247.413449,interest
AUR-0036,asset,mortgages,TRY,0.891278,185.657525,principal
AUR-0036,asset,mortgages,TRY,1.336916,216.486768,interest
AUR-0036,asset,mortgages,TRY,1.336916,185.657525,principal
AUR-0036,asset,mortgages,TRY,1.782555,185.560087,interest
AUR-0036,asset,mortgages,TRY,1.782555,185.657525,principal
AUR-0036,asset,mortgages,TRY,2.228194,154.633406,interest
AUR-0036,asset,mortgages,TRY,2.228194,185.657525,principal
AUR-0036,asset,mortgages,TRY,2.673833,123.706725,interest
AUR-0036,asset,mortgages,TRY,2.673833,185.657525,principal
AUR-0036,asset,mortgages,TRY,3.119471,92.780043,interest
AUR-0036,asset,mortgages,TRY,3.119471,185.657525,principal
AUR-0036,asset,mortgages,TRY,3.565110,61.853362,interest
AUR-0036,asset,mortgages,TRY,3.565110,185.657525,principal
AUR-0036,asset,mortgages,TRY,4.010749,30.926681,interest
AUR-0036,asset,mortgages,TRY,4.010749,185.657525,principal
AUR-0037,asset,mortgages,TRY,0.481171,725.597063,interest
AUR-0037,asset,mortgages,TRY,0.481171,201.241469,principal
AUR-0037,asset,mortgages,TRY,0.962343,689.317210,interest
AUR-0037,asset,mortgages,TRY,0.962343,201.241469,principal
AUR-0037,asset,mortgages,TRY,1.443514,653.037356,interest
AUR-0037,asset,mortgages,TRY,1.443514,201.241469,principal
AUR-0037,asset,mortgages,TRY,1.924686,616.757503,interest
AUR-0037,asset,mortgages,TRY,1.924686,201.241469,principal
AUR-0037,asset,mortgages,TRY,2.405857,580.477650,interest
AUR-0037,asset,mortgages,TRY,2.405857,201.241469,principal
AUR-0037,asset,mortgages,TRY,2.887029,544.197797,interest
AUR-0037,asset,mortgages,TRY,2.887029,201.241469,principal
AUR-0037,asset,mortgages,TRY,3.368200,507.917944,interest
AUR-0037,asset,mortgages,TRY,3.368200,201.241469,principal
AUR-0037,asset,mortgages,TRY,3.849372,471.638091,interest
AUR-0037,asset,mortgages,TRY,3.849372,201.241469,principal
AUR-0037,asset,mortgages,TRY,4.330543,435.358238,interest
AUR-0037,asset,mortgages,TRY,4.330543,201.241469,principal
AUR-0037,asset,mortgages,TRY,4.811714,399.078385,interest
AUR-0037,asset,mortgages,TRY,4.811714,201.241469,principal
AUR-0037,asset,mortgages,TRY,5.292886,362.798531,interest
AUR-0037,asset,mortgages,TRY,5.292886,201.241469,principal
AUR-0037,asset,mortgages,TRY,5.774057,326.518678,interest
AUR-0037,asset,mortgages,TRY,5.774057,201.241469,principal
AUR-0037,asset,mortgages,TRY,6.255229,290.238825,interest
AUR-0037,asset,mortgages,TRY,6.255229,201.241469,principal
AUR-0037,asset,mortgages,TRY,6.736400,253.958972,interest
AUR-0037,asset,mortgages,TRY,6.736400,201.241469,principal
AUR-0037,asset,mortgages,TRY,7.217572,217.679119,interest
AUR-0037,asset,mortgages,TRY,7.217572,201.241469,principal
AUR-0037,asset,mortgages,TRY,7.698743,181.399266,interest
AUR-0037,asset,mortgages,TRY,7.698743,201.241469,principal
AUR-0037,asset,mortgages,TRY,8.179915,145.119413,interest
AUR-0037,asset,mortgages,TRY,8.179915,201.241469,principal
AUR-0037,asset,mortgages,TRY,8.661086,108.839559,interest
AUR-0037,asset,mortgages,TRY,8.661086,201.241469,principal
AUR-0037,asset,mortgages,TRY,9.142258,72.559706,interest
AUR-0037,asset,mortgages,TRY,9.142258,201.241469,principal
AUR-0037,asset,mortgages,TRY,9.623429,36.279853,interest
AUR-0037,asset,mortgages,TRY,9.623429,201.241469,principal
AUR-0038,asset,mortgages,TRY,0.478282,567.678685,interest
AUR-0038,asset,mortgages,TRY,0.478282,201.594900,principal
AUR-0038,asset,mortgages,TRY,0.956564,532.198767,interest
AUR-0038,asset,mortgages,TRY,0.956564,201.594900,principal
AUR-0038,asset,mortgages,TRY,1.434846,496.718849,interest
AUR-0038,asset,mortgages,TRY,1.434846,201.594900,principal
AUR-0038,asset,mortgages,TRY,1.913128,461.238931,interest
AUR-0038,asset,mortgages,TRY,1.913128,201.594900,principal
AUR-0038,asset,mortgages,TRY,2.391409,425.759014,interest
AUR-0038,asset,mortgages,TRY,2.391409,201.594900,principal
AUR-0038,asset,mortgages,TRY,2.869691,390.279096,interest
AUR-0038,asset,mortgages,TRY,2.869691,201.594900,principal
AUR-0038,asset,mortgages,TRY,3.347973,354.799178,interest
AUR-0038,asset,mortgages,TRY,3.347973,201.594900,principal
AUR-0038,asset,mortgages,TRY,3.826255,319.319260,interest
AUR-0038,asset,mortgages,TRY,3.826255,201.594900,principal
AUR-0038,asset,mortgages,TRY,4.304537,283.839342,interest
AUR-0038,asset,mortgages,TRY,4.304537,201.594900,principal
AUR-0038,asset,mortgages,TRY,4.782819,248.359425,interest
AUR-0038,asset,mortgages,TRY,4.782819,201.594900,principal
AUR-0038,asset,mortgages,TRY,5.261101,212.879507,interest
AUR-0038,asset,mortgages,TRY,5.261101,201.594900,principal
AUR-0038,asset,mortgages,TRY,5.739383,177.399589,interest
AUR-0038,asset,mortgages,TRY,5.739383,201.594900,principal
AUR-0038,asset,mortgages,TRY,6.217664,141.919671,interest
AUR-0038,asset,mortgages,TRY,6.217664,201.594900,principal
AUR-0038,asset,mortgages,TRY,6.695946,106.439753,interest
AUR-0038,asset,mortgages,TRY,6.695946,201.594900,principal
AUR-0038,asset,mortgages,TRY,7.174228,70.959836,interest
AUR-0038,asset,mortgages,TRY,7.174228,201.594900,principal
AUR-0038,asset,mortgages,TRY,7.652510,35.479918,interest
AUR-0038,asset,mortgages,TRY,7.652510,201.594900,principal
AUR-0039,asset,mortgages,TRY,0.481842,382.688977,interest
AUR-0039,asset,mortgages,TRY,0.481842,127.293297,principal
AUR-0039,asset,mortgages,TRY,0.963684,360.177860,interest
AUR-0039,asset,mortgages,TRY,0.963684,127.293297,principal
AUR-0039,asset,mortgages,TRY,1.445527,337.666744,interest
AUR-0039,asset,mortgages,TRY,1.445527,127.293297,principal
AUR-0039,asset,mortgages,TRY,1.927369,315.155628,interest
AUR-0039,asset,mortgages,TRY,1.927369,127.293297,principal
AUR-0039,asset,mortgages,TRY,2.409211,292.644512,interest
AUR-0039,asset,mortgages,TRY,2.409211,127.293297,principal
AUR-0039,asset,mortgages,TRY,2.891053,270.133395,interest
AUR-0039,asset,mortgages,TRY,2.891053,127.293297,principal
AUR-0039,asset,mortgages,TRY,3.372896,247.622279,interest
AUR-0039,asset,mortgages,TRY,3.372896,127.293297,principal
AUR-0039,asset,mortgages,TRY,3.854738,225.111163,interest
AUR-0039,asset,mortgages,TRY,3.854738,127.293297,principal
AUR-0039,asset,mortgages,TRY,4.336580,202.600046,interest
AUR-0039,asset,mortgages,TRY,4.336580,127.293297,principal
AUR-0039,asset,mortgages,TRY,4.818422,180.088930,interest
AUR-0039,asset,mortgages,TRY,4.818422,127.293297,principal
AUR-0039,asset,mortgages,TRY,5.300265,157.577814,interest
AUR-0039,asset,mortgages,TRY,5.300265,127.293297,principal
AUR-0039,asset,mortgages,TRY,5.782107,135.066698,interest
AUR-0039,asset,mortgages,TRY,5.782107,127.293297,principal
AUR-0039,asset,mortgages,TRY,6.263949,112.555581,interest
AUR-0039,asset,mortgages,TRY,6.263949,127.293297,principal
AUR-0039,asset,mortgages,TRY,6.745791,90.044465,interest
AUR-0039,asset,mortgages,TRY,6.745791,127.293297,principal
AUR-0039,asset,mortgages,TRY,7.227634,67.533349,interest
AUR-0039,asset,mortgages,TRY,7.227634,127.293297,principal
AUR-0039,asset,mortgages,TRY,7.709476,45.022233,interest
AUR-0039,asset,mortgages,TRY,7.709476,127.293297,principal
AUR-0039,asset,mortgages,TRY,8.191318,22.511116,interest
AUR-0039,asset,mortgages,TRY,8.191318,127.293297,principal
AUR-0040,asset,mortgages,TRY,0.463081,327.237603,interest
AUR-0040,asset,mortgages,TRY,0.463081,193.957636,principal
AUR-0040,asset,mortgages,TRY,0.926162,294.513843,interest
AUR-0040,asset,mortgages,TRY,0.926162,193.957636,principal
AUR-0040,asset,mortgages,TRY,1.389242,261.790083,interest
AUR-0040,asset,mortgages,TRY,1.389242,193.957636,principal
AUR-0040,asset,mortgages,TRY,1.852323,229.066322,interest
AUR-0040,asset,mortgages,TRY,1.852323,193.957636,principal
AUR-0040,asset,mortgages,TRY,2.315404,196.342562,interest
AUR-0040,asset,mortgages,TRY,2.315404,193.957636,principal
AUR-0040,asset,mortgages,TRY,2.778485,163.618802,interest
AUR-0040,asset,mortgages,TRY,2.778485,193.957636,principal
AUR-0040,asset,mortgages,TRY,3.241566,130.895041,interest
AUR-0040,asset,mortgages,TRY,3.241566,193.957636,principal
AUR-0040,asset,mortgages,TRY,3.704646,98.171281,interest
AUR-0040,asset,mortgages,TRY,3.704646,193.957636,principal
AUR-0040,asset,mortgages,TRY,4.167727,65.447521,interest
AUR-0040,asset,mortgages,TRY,4.167727,193.957636,principal
AUR-0040,asset,mortgages,TRY,4.630808,32.723760,interest
AUR-0040,asset,mortgages,TRY,4.630808,193.957636,principal
AUR-0041,asset,sme_loans,TRY,0.223526,163.550421,interest
AUR-0041,asset,sme_loans,TRY,0.223526,815.925296,principal
AUR-0041,asset,sme_loans,TRY,0.447051,81.775211,interest
AUR-0041,asset,sme_loans,TRY,0.447051,815.925296,principal
AUR-0042,asset,sme_loans,TRY,0.247146,47.817885,interest
AUR-0042,asset,sme_loans,TRY,0.247146,424.098844,principal
AUR-0043,asset,sme_loans,TRY,0.219241,468.424321,interest
AUR-0043,asset,sme_loans,TRY,0.219241,4759.273133,principal
AUR-0044,asset,sme_loans,TRY,0.160586,262.750947,interest
AUR-0044,asset,sme_loans,TRY,0.160586,3609.534815,principal
AUR-0045,asset,sme_loans,TRY,0.221721,840.750812,interest
AUR-0045,asset,sme_loans,TRY,0.221721,8376.247143,principal
AUR-0046,asset,sme_loans,TRY,0.218426,145.844529,interest
AUR-0046,asset,sme_loans,TRY,0.218426,1504.015181,principal
AUR-0047,asset,sme_loans,TRY,0.215806,317.131849,interest
AUR-0047,asset,sme_loans,TRY,0.215806,3245.873024,principal
AUR-0048,asset,sme_loans,TRY,0.194074,127.802286,interest
AUR-0048,asset,sme_loans,TRY,0.194074,724.553634,principal
AUR-0048,asset,sme_loans,TRY,0.388147,63.901143,interest
AUR-0048,asset,sme_loans,TRY,0.388147,724.553634,principal
AUR-0049,asset,corporate_loans_fixed,TRY,0.437157,174.033099,interest
AUR-0049,asset,corporate_loans_fixed,TRY,0.437157,136.081531,principal
AUR-0049,asset,corporate_loans_fixed,TRY,0.874315,149.171227,interest
AUR-0049,asset,corporate_loans_fixed,TRY,0.874315,136.081531,principal
AUR-0049,asset,corporate_loans_fixed,TRY,1.311472,124.309356,interest
AUR-0049,asset,corporate_loans_fixed,TRY,1.311472,136.081531,principal
AUR-0049,asset,corporate_loans_fixed,TRY,1.748629,99.447485,interest
AUR-0049,asset,corporate_loans_fixed,TRY,1.748629,136.081531,principal
AUR-0049,asset,corporate_loans_fixed,TRY,2.185786,74.585614,interest
AUR-0049,asset,corporate_loans_fixed,TRY,2.185786,136.081531,principal
AUR-0049,asset,corporate_loans_fixed,TRY,2.622944,49.723742,interest
AUR-0049,asset,corporate_loans_fixed,TRY,2.622944,136.081531,principal
AUR-0049,asset,corporate_loans_fixed,TRY,3.060101,24.861871,interest
AUR-0049,asset,corporate_loans_fixed,TRY,3.060101,136.081531,principal
AUR-0050,asset,corporate_loans_fixed,TRY,0.492969,476.100660,interest
AUR-0050,asset,corporate_loans_fixed,TRY,0.492969,227.246966,principal
AUR-0050,asset,corporate_loans_fixed,TRY,0.985939,428.490594,interest
AUR-0050,asset,corporate_loans_fixed,TRY,0.985939,227.246966,principal
AUR-0050,asset,corporate_loans_fixed,TRY,1.478908,380.880528,interest
AUR-0050,asset,corporate_loans_fixed,TRY,1.478908,227.246966,principal
AUR-0050,asset,corporate_loans_fixed,TRY,1.971877,333.270462,interest
AUR-0050,asset,corporate_loans_fixed,TRY,1.971877,227.246966,principal
AUR-0050,asset,corporate_loans_fixed,TRY,2.464846,285.660396,interest
AUR-0050,asset,corporate_loans_fixed,TRY,2.464846,227.246966,principal
AUR-0050,asset,corporate_loans_fixed,TRY,2.957816,238.050330,interest
AUR-0050,asset,corporate_loans_fixed,TRY,2.957816,227.246966,principal
AUR-0050,asset,corporate_loans_fixed,TRY,3.450785,190.440264,interest
AUR-0050,asset,corporate_loans_fixed,TRY,3.450785,227.246966,principal
AUR-0050,asset,corporate_loans_fixed,TRY,3.943754,142.830198,interest
AUR-0050,asset,corporate_loans_fixed,TRY,3.943754,227.246966,principal
AUR-0050,asset,corporate_loans_fixed,TRY,4.436724,95.220132,interest
AUR-0050,asset,corporate_loans_fixed,TRY,4.436724,227.246966,principal
AUR-0050,asset,corporate_loans_fixed,TRY,4.929693,47.610066,interest
AUR-0050,asset,corporate_loans_fixed,TRY,4.929693,227.246966,principal
AUR-0051,asset,corporate_loans_fixed,TRY,0.497081,667.252859,interest
AUR-0051,asset,corporate_loans_fixed,TRY,0.497081,358.912886,principal
AUR-0051,asset,corporate_loans_fixed,TRY,0.994163,593.113652,interest
AUR-0051,asset,corporate_loans_fixed,TRY,0.994163,358.912886,principal
AUR-0051,asset,corporate_loans_fixed,TRY,1.491244,518.974446,interest
AUR-0051,asset,corporate_loans_fixed,TRY,1.491244,358.912886,principal
AUR-0051,asset,corporate_loans_fixed,TRY,1.988325,444.835239,interest
AUR-0051,asset,corporate_loans_fixed,TRY,1.988325,358.912886,principal
AUR-0051,asset,corporate_loans_fixed,TRY,2.485407,370.696033,interest
AUR-0051,asset,corporate_loans_fixed,TRY,2.485407,358.912886,principal
AUR-0051,asset,corporate_loans_fixed,TRY,2.982488,296.556826,interest
AUR-0051,asset,corporate_loans_fixed,TRY,2.982488,358.912886,principal
AUR-0051,asset,corporate_loans_fixed,TRY,3.479569,222.417620,interest
AUR-0051,asset,corporate_loans_fixed,TRY,3.479569,358.912886,principal
AUR-0051,asset,corporate_loans_fixed,TRY,3.976651,148.278413,interest
AUR-0051,asset,corporate_loans_fixed,TRY,3.976651,358.912886,principal
AUR-0051,asset,corporate_loans_fixed,TRY,4.473732,74.139207,interest
AUR-0051,asset,corporate_loans_fixed,TRY,4.473732,358.912886,principal
AUR-0052,asset,corporate_loans_fixed,TRY,0.485844,633.667084,interest
AUR-0052,asset,corporate_loans_fixed,TRY,0.485844,385.118067,principal
AUR-0052,asset,corporate_loans_fixed,TRY,0.971687,554.458698,interest
AUR-0052,asset,corporate_loans_fixed,TRY,0.971687,385.118067,principal
AUR-0052,asset,corporate_loans_fixed,TRY,1.457531,475.250313,interest
AUR-0052,asset,corporate_loans_fixed,TRY,1.457531,385.118067,principal
AUR-0052,asset,corporate_loans_fixed,TRY,1.943374,396.041927,interest
AUR-0052,asset,corporate_loans_fixed,TRY,1.943374,385.118067,principal
AUR-0052,asset,corporate_loans_fixed,TRY,2.429218,316.833542,interest
AUR-0052,asset,corporate_loans_fixed,TRY,2.429218,385.118067,principal
AUR-0052,asset,corporate_loans_fixed,TRY,2.915062,237.625156,interest
AUR-0052,asset,corporate_loans_fixed,TRY,2.915062,385.118067,principal
AUR-0052,asset,corporate_loans_fixed,TRY,3.400905,158.416771,interest
AUR-0052,asset,corporate_loans_fixed,TRY,3.400905,385.118067,principal
AUR-0052,asset,corporate_loans_fixed,TRY,3.886749,79.208385,interest
AUR-0052,asset,corporate_loans_fixed,TRY,3.886749,385.118067,principal
AUR-0053,asset,corporate_loans_fixed,TRY,0.399271,82.531945,interest
AUR-0053,asset,corporate_loans_fixed,TRY,0.399271,165.693759,principal
AUR-0053,asset,corporate_loans_fixed,TRY,0.798543,55.021296,interest
AUR-0053,asset,corporate_loans_fixed,TRY,0.798543,165.693759,principal
AUR-0053,asset,corporate_loans_fixed,TRY,1.197814,27.510648,interest
AUR-0053,asset,corporate_loans_fixed,TRY,1.197814,165.693759,principal
AUR-0054,asset,corporate_loans_fixed,TRY,0.476096,789.241823,interest
AUR-0054,asset,corporate_loans_fixed,TRY,0.476096,495.839731,principal
AUR-0054,asset,corporate_loans_fixed,TRY,0.952193,690.586595,interest
AUR-0054,asset,corporate_loans_fixed,TRY,0.952193,495.839731,principal
AUR-0054,asset,corporate_loans_fixed,TRY,1.428289,591.931367,interest
AUR-0054,asset,corporate_loans_fixed,TRY,1.428289,495.839731,principal
AUR-0054,asset,corporate_loans_fixed,TRY,1.904386,493.276140,interest
AUR-0054,asset,corporate_loans_fixed,TRY,1.904386,495.839731,principal
AUR-0054,asset,corporate_loans_fixed,TRY,2.380482,394.620912,interest
AUR-0054,asset,corporate_loans_fixed,TRY,2.380482,495.839731,principal
AUR-0054,asset,corporate_loans_fixed,TRY,2.856578,295.965684,interest
AUR-0054,asset,corporate_loans_fixed,TRY,2.856578,495.839731,principal
AUR-0054,asset,corporate_loans_fixed,TRY,3.332675,197.310456,interest
AUR-0054,asset,corporate_loans_fixed,TRY,3.332675,495.839731,principal
AUR-0054,asset,corporate_loans_fixed,TRY,3.808771,98.655228,interest
AUR-0054,asset,corporate_loans_fixed,TRY,3.808771,495.839731,principal
AUR-0055,asset,corporate_loans_floating,TRY,0.163714,271.636013,interest
AUR-0055,asset,corporate_loans_floating,TRY,0.163714,2025.843971,principal
AUR-0055,asset,corporate_loans_floating,TRY,0.327427,135.818007,interest
AUR-0055,asset,corporate_loans_floating,TRY,0.327427,2025.843971,principal
AUR-0056,asset,corporate_loans_floating,TRY,0.130813,41.697710,interest
AUR-0056,asset,corporate_loans_floating,TRY,0.130813,395.599050,principal
AUR-0056,asset,corporate_loans_floating,TRY,0.261626,20.848855,interest
AUR-0056,asset,corporate_loans_floating,TRY,0.261626,395.599050,principal
AUR-0057,asset,corporate_loans_floating,TRY,0.240372,70.295002,interest
AUR-0057,asset,corporate_loans_floating,TRY,0.240372,355.685514,principal
AUR-0057,asset,corporate_loans_floating,TRY,0.480743,35.147501,interest
AUR-0057,asset,corporate_loans_floating,TRY,0.480743,355.685514,principal
AUR-0058,asset,corporate_loans_floating,TRY,0.164728,90.046453,interest
AUR-0058,asset,corporate_loans_floating,TRY,0.164728,666.016398,principal
AUR-0058,asset,corporate_loans_floating,TRY,0.329455,45.023226,interest
AUR-0058,asset,corporate_loans_floating,TRY,0.329455,666.016398,principal
AUR-0059,asset,corporate_loans_floating,TRY,0.203529,132.202413,interest
AUR-0059,asset,corporate_loans_floating,TRY,0.203529,797.362209,principal
AUR-0059,asset,corporate_loans_floating,TRY,0.407058,66.101207,interest
AUR-0059,asset,corporate_loans_floating,TRY,0.407058,797.362209,principal
AUR-0060,asset,corporate_loans_floating,TRY,0.233908,625.146664,interest
AUR-0060,asset,corporate_loans_floating,TRY,0.233908,3259.492858,principal
AUR-0060,asset,corporate_loans_floating,TRY,0.467816,312.573332,interest
AUR-0060,asset,corporate_loans_floating,TRY,0.467816,3259.492858,principal
AUR-0061,asset,cash_and_reserves,USD,0.002740,0.050251,interest
AUR-0061,asset,cash_and_reserves,USD,0.002740,393.824406,principal
AUR-0062,asset,cash_and_reserves,USD,0.002740,0.314214,interest
AUR-0062,asset,cash_and_reserves,USD,0.002740,2486.100245,principal
AUR-0063,asset,cash_and_reserves,USD,0.002740,0.013227,interest
AUR-0063,asset,cash_and_reserves,USD,0.002740,120.075349,principal
AUR-0064,asset,government_securities,USD,0.466521,22.931249,interest
AUR-0064,asset,government_securities,USD,0.933042,22.931249,interest
AUR-0064,asset,government_securities,USD,1.399563,22.931249,interest
AUR-0064,asset,government_securities,USD,1.866084,22.931249,interest
AUR-0064,asset,government_securities,USD,2.332605,22.931249,interest
AUR-0064,asset,government_securities,USD,2.799126,22.931249,interest
AUR-0064,asset,government_securities,USD,3.265648,22.931249,interest
AUR-0064,asset,government_securities,USD,3.732169,22.931249,interest
AUR-0064,asset,government_securities,USD,4.198690,22.931249,interest
AUR-0064,asset,government_securities,USD,4.665211,22.931249,interest
AUR-0064,asset,government_securities,USD,5.131732,22.931249,interest
AUR-0064,asset,government_securities,USD,5.598253,22.931249,interest
AUR-0064,asset,government_securities,USD,6.064774,22.931249,interest
AUR-0064,asset,government_securities,USD,6.064774,934.013064,principal
AUR-0065,asset,government_securities,USD,0.441683,30.185683,interest
AUR-0065,asset,government_securities,USD,0.883366,30.185683,interest
AUR-0065,asset,government_securities,USD,1.325049,30.185683,interest
AUR-0065,asset,government_securities,USD,1.325049,1453.307298,principal
AUR-0066,asset,government_securities,USD,0.487776,26.458858,interest
AUR-0066,asset,government_securities,USD,0.975553,26.458858,interest
AUR-0066,asset,government_securities,USD,1.463329,26.458858,interest
AUR-0066,asset,government_securities,USD,1.951105,26.458858,interest
AUR-0066,asset,government_securities,USD,2.438881,26.458858,interest
AUR-0066,asset,government_securities,USD,2.926658,26.458858,interest
AUR-0066,asset,government_securities,USD,3.414434,26.458858,interest
AUR-0066,asset,government_securities,USD,3.902210,26.458858,interest
AUR-0066,asset,government_securities,USD,4.389987,26.458858,interest
AUR-0066,asset,government_securities,USD,4.877763,26.458858,interest
AUR-0066,asset,government_securities,USD,5.365539,26.458858,interest
AUR-0066,asset,government_securities,USD,5.853315,26.458858,interest
AUR-0066,asset,government_securities,USD,6.341092,26.458858,interest
AUR-0066,asset,government_securities,USD,6.828868,26.458858,interest
AUR-0066,asset,government_securities,USD,6.828868,1069.355484,principal
AUR-0067,asset,government_securities,USD,0.463669,12.372282,interest
AUR-0067,asset,government_securities,USD,0.927338,12.372282,interest
AUR-0067,asset,government_securities,USD,1.391007,12.372282,interest
AUR-0067,asset,government_securities,USD,1.854676,12.372282,interest
AUR-0067,asset,government_securities,USD,2.318345,12.372282,interest
AUR-0067,asset,government_securities,USD,2.782015,12.372282,interest
AUR-0067,asset,government_securities,USD,3.245684,12.372282,interest
AUR-0067,asset,government_securities,USD,3.709353,12.372282,interest
AUR-0067,asset,government_securities,USD,4.173022,12.372282,interest
AUR-0067,asset,government_securities,USD,4.636691,12.372282,interest
AUR-0067,asset,government_securities,USD,5.100360,12.372282,interest
AUR-0067,asset,government_securities,USD,5.100360,543.324154,principal
AUR-0068,asset,corporate_loans,USD,0.196826,19.585026,interest
AUR-0068,asset,corporate_loans,USD,0.196826,648.474628,principal
AUR-0068,asset,corporate_loans,USD,0.393651,9.792513,interest
AUR-0068,asset,corporate_loans,USD,0.393651,648.474628,principal
AUR-0069,asset,corporate_loans,USD,0.240610,32.666398,interest
AUR-0069,asset,corporate_loans,USD,0.240610,763.792298,principal
AUR-0069,asset,corporate_loans,USD,0.481220,16.333199,interest
AUR-0069,asset,corporate_loans,USD,0.481220,763.792298,principal
AUR-0070,asset,corporate_loans,USD,0.241776,52.431213,interest
AUR-0070,asset,corporate_loans,USD,0.241776,1328.880691,principal
AUR-0070,asset,corporate_loans,USD,0.483551,26.215607,interest
AUR-0070,asset,corporate_loans,USD,0.483551,1328.880691,principal
AUR-0071,asset,corporate_loans,USD,0.159560,29.130419,interest
AUR-0071,asset,corporate_loans,USD,0.159560,1024.060535,principal
AUR-0071,asset,corporate_loans,USD,0.319120,14.565209,interest
AUR-0071,asset,corporate_loans,USD,0.319120,1024.060535,principal
AUR-0072,asset,corporate_loans,USD,0.137687,24.692923,interest
AUR-0072,asset,corporate_loans,USD,0.137687,1036.272886,principal
AUR-0072,asset,corporate_loans,USD,0.275374,12.346462,interest
AUR-0072,asset,corporate_loans,USD,0.275374,1036.272886,principal
AUR-0073,asset,corporate_loans,USD,0.183920,22.434085,interest
AUR-0073,asset,corporate_loans,USD,0.183920,698.518962,principal
AUR-0073,asset,corporate_loans,USD,0.367840,11.217042,interest
AUR-0073,asset,corporate_loans,USD,0.367840,698.518962,principal
AUR-0074,asset,cash_and_reserves,EUR,0.002740,0.041356,interest
AUR-0074,asset,cash_and_reserves,EUR,0.002740,627.151242,principal
AUR-0075,asset,cash_and_reserves,EUR,0.002740,0.061198,interest
AUR-0075,asset,cash_and_reserves,EUR,0.002740,866.535489,principal
AUR-0076,asset,cash_and_reserves,EUR,0.002740,0.031321,interest
AUR-0076,asset,cash_and_reserves,EUR,0.002740,506.313269,principal
AUR-0077,asset,government_securities,EUR,0.494189,23.985794,interest
AUR-0077,asset,government_securities,EUR,0.988378,23.985794,interest
AUR-0077,asset,government_securities,EUR,1.482567,23.985794,interest
AUR-0077,asset,government_securities,EUR,1.976756,23.985794,interest
AUR-0077,asset,government_securities,EUR,2.470945,23.985794,interest
AUR-0077,asset,government_securities,EUR,2.965134,23.985794,interest
AUR-0077,asset,government_securities,EUR,3.459324,23.985794,interest
AUR-0077,asset,government_securities,EUR,3.953513,23.985794,interest
AUR-0077,asset,government_securities,EUR,4.447702,23.985794,interest
AUR-0077,asset,government_securities,EUR,4.941891,23.985794,interest
AUR-0077,asset,government_securities,EUR,5.436080,23.985794,interest
AUR-0077,asset,government_securities,EUR,5.930269,23.985794,interest
AUR-0077,asset,government_securities,EUR,6.424458,23.985794,interest
AUR-0077,asset,government_securities,EUR,6.918647,23.985794,interest
AUR-0077,asset,government_securities,EUR,6.918647,1144.878887,principal
AUR-0078,asset,government_securities,EUR,0.478405,13.883010,interest
AUR-0078,asset,government_securities,EUR,0.956809,13.883010,interest
AUR-0078,asset,government_securities,EUR,1.435214,13.883010,interest
AUR-0078,asset,government_securities,EUR,1.913618,13.883010,interest
AUR-0078,asset,government_securities,EUR,2.392023,13.883010,interest
AUR-0078,asset,government_securities,EUR,2.870427,13.883010,interest
AUR-0078,asset,government_securities,EUR,3.348832,13.883010,interest
AUR-0078,asset,government_securities,EUR,3.827236,13.883010,interest
AUR-0078,asset,government_securities,EUR,4.305641,13.883010,interest
AUR-0078,asset,government_securities,EUR,4.784045,13.883010,interest
AUR-0078,asset,government_securities,EUR,5.262450,13.883010,interest
AUR-0078,asset,government_securities,EUR,5.740854,13.883010,interest
AUR-0078,asset,government_securities,EUR,6.219259,13.883010,interest
AUR-0078,asset,government_securities,EUR,6.219259,839.167517,principal
AUR-0079,asset,government_securities,EUR,0.484760,2.897931,interest
AUR-0079,asset,government_securities,EUR,0.969519,2.897931,interest
AUR-0079,asset,government_securities,EUR,1.454279,2.897931,interest
AUR-0079,asset,government_securities,EUR,1.939039,2.897931,interest
AUR-0079,asset,government_securities,EUR,2.423798,2.897931,interest
AUR-0079,asset,government_securities,EUR,2.908558,2.897931,interest
AUR-0079,asset,government_securities,EUR,2.908558,162.006930,principal
AUR-0080,asset,government_securities,EUR,0.443180,13.924784,interest
AUR-0080,asset,government_securities,EUR,0.886360,13.924784,interest
AUR-0080,asset,government_securities,EUR,1.329540,13.924784,interest
AUR-0080,asset,government_securities,EUR,1.772719,13.924784,interest
AUR-0080,asset,government_securities,EUR,2.215899,13.924784,interest
AUR-0080,asset,government_securities,EUR,2.659079,13.924784,interest
AUR-0080,asset,government_securities,EUR,3.102259,13.924784,interest
AUR-0080,asset,government_securities,EUR,3.102259,853.946666,principal
AUR-0081,asset,corporate_loans,EUR,0.249266,20.014162,interest
AUR-0081,asset,corporate_loans,EUR,0.249266,555.274384,principal
AUR-0081,asset,corporate_loans,EUR,0.498532,10.007081,interest
AUR-0081,asset,corporate_loans,EUR,0.498532,555.274384,principal
AUR-0082,asset,corporate_loans,EUR,0.249911,21.462787,interest
AUR-0082,asset,corporate_loans,EUR,0.249911,1220.613688,principal
AUR-0083,asset,corporate_loans,EUR,0.148715,37.384800,interest
AUR-0083,asset,corporate_loans,EUR,0.148715,1797.272164,principal
AUR-0083,asset,corporate_loans,EUR,0.297430,18.692400,interest
AUR-0083,asset,corporate_loans,EUR,0.297430,1797.272164,principal
AUR-0084,asset,corporate_loans,EUR,0.184958,5.063568,interest
AUR-0084,asset,corporate_loans,EUR,0.184958,180.870954,principal
AUR-0084,asset,corporate_loans,EUR,0.369917,2.531784,interest
AUR-0084,asset,corporate_loans,EUR,0.369917,180.870954,principal
AUR-0085,asset,corporate_loans,EUR,0.097923,4.863433,interest
AUR-0085,asset,corporate_loans,EUR,0.097923,712.551310,principal
AUR-0086,liability,demand_deposits,TRY,0.250000,-236.156996,interest
AUR-0086,liability,demand_deposits,TRY,0.250000,-518.705166,principal
AUR-0086,liability,demand_deposits,TRY,0.500000,-212.541296,interest
AUR-0086,liability,demand_deposits,TRY,0.500000,-778.057749,principal
AUR-0086,liability,demand_deposits,TRY,1.000000,-354.235494,interest
AUR-0086,liability,demand_deposits,TRY,1.000000,-1141.151366,principal
AUR-0086,liability,demand_deposits,TRY,2.000000,-500.652831,interest
AUR-0086,liability,demand_deposits,TRY,2.000000,-1193.021882,principal
AUR-0086,liability,demand_deposits,TRY,3.000000,-283.388395,interest
AUR-0086,liability,demand_deposits,TRY,3.000000,-933.669299,principal
AUR-0086,liability,demand_deposits,TRY,5.000000,-226.710716,interest
AUR-0086,liability,demand_deposits,TRY,5.000000,-622.446200,principal
AUR-0087,liability,demand_deposits,TRY,0.250000,-180.454934,interest
AUR-0087,liability,demand_deposits,TRY,0.250000,-395.047395,principal
AUR-0087,liability,demand_deposits,TRY,0.500000,-162.409441,interest
AUR-0087,liability,demand_deposits,TRY,0.500000,-592.571093,principal
AUR-0087,liability,demand_deposits,TRY,1.000000,-270.682401,interest
AUR-0087,liability,demand_deposits,TRY,1.000000,-869.104270,principal
AUR-0087,liability,demand_deposits,TRY,2.000000,-382.564461,interest
AUR-0087,liability,demand_deposits,TRY,2.000000,-908.609009,principal
AUR-0087,liability,demand_deposits,TRY,3.000000,-216.545921,interest
AUR-0087,liability,demand_deposits,TRY,3.000000,-711.085312,principal
AUR-0087,liability,demand_deposits,TRY,5.000000,-173.236737,interest
AUR-0087,liability,demand_deposits,TRY,5.000000,-474.056874,principal
AUR-0088,liability,demand_deposits,TRY,0.250000,-292.054510,interest
AUR-0088,liability,demand_deposits,TRY,0.250000,-635.731878,principal
AUR-0088,liability,demand_deposits,TRY,0.500000,-262.849059,interest
AUR-0088,liability,demand_deposits,TRY,0.500000,-953.597817,principal
AUR-0088,liability,demand_deposits,TRY,1.000000,-438.081764,interest
AUR-0088,liability,demand_deposits,TRY,1.000000,-1398.610132,principal
AUR-0088,liability,demand_deposits,TRY,2.000000,-619.155560,interest
AUR-0088,liability,demand_deposits,TRY,2.000000,-1462.183320,principal
AUR-0088,liability,demand_deposits,TRY,3.000000,-350.465412,interest
AUR-0088,liability,demand_deposits,TRY,3.000000,-1144.317381,principal
AUR-0088,liability,demand_deposits,TRY,5.000000,-280.372329,interest
AUR-0088,liability,demand_deposits,TRY,5.000000,-762.878254,principal
AUR-0089,liability,demand_deposits,TRY,0.250000,-40.341115,interest
AUR-0089,liability,demand_deposits,TRY,0.250000,-90.655206,principal
AUR-0089,liability,demand_deposits,TRY,0.500000,-36.307004,interest
AUR-0089,liability,demand_deposits,TRY,0.500000,-135.982808,principal
AUR-0089,liability,demand_deposits,TRY,1.000000,-60.511673,interest
AUR-0089,liability,demand_deposits,TRY,1.000000,-199.441452,principal
AUR-0089,liability,demand_deposits,TRY,2.000000,-85.523165,interest
AUR-0089,liability,demand_deposits,TRY,2.000000,-208.506973,principal
AUR-0089,liability,demand_deposits,TRY,3.000000,-48.409339,interest
AUR-0089,liability,demand_deposits,TRY,3.000000,-163.179370,principal
AUR-0089,liability,demand_deposits,TRY,5.000000,-38.727471,interest
AUR-0089,liability,demand_deposits,TRY,5.000000,-108.786247,principal
AUR-0090,liability,demand_deposits,TRY,0.250000,-247.939193,interest
AUR-0090,liability,demand_deposits,TRY,0.250000,-555.078943,principal
AUR-0090,liability,demand_deposits,TRY,0.500000,-223.145274,interest
AUR-0090,liability,demand_deposits,TRY,0.500000,-832.618414,principal
AUR-0090,liability,demand_deposits,TRY,1.000000,-371.908790,interest
AUR-0090,liability,demand_deposits,TRY,1.000000,-1221.173675,principal
AUR-0090,liability,demand_deposits,TRY,2.000000,-525.631089,interest
AUR-0090,liability,demand_deposits,TRY,2.000000,-1276.681569,principal
AUR-0090,liability,demand_deposits,TRY,3.000000,-297.527032,interest
AUR-0090,liability,demand_deposits,TRY,3.000000,-999.142097,principal
AUR-0090,liability,demand_deposits,TRY,5.000000,-238.021625,interest
AUR-0090,liability,demand_deposits,TRY,5.000000,-666.094732,principal
AUR-0091,liability,demand_deposits,TRY,0.250000,-112.556708,interest
AUR-0091,liability,demand_deposits,TRY,0.250000,-248.461945,principal
AUR-0091,liability,demand_deposits,TRY,0.500000,-101.301038,interest
AUR-0091,liability,demand_deposits,TRY,0.500000,-372.692917,principal
AUR-0091,liability,demand_deposits,TRY,1.000000,-168.835063,interest
AUR-0091,liability,demand_deposits,TRY,1.000000,-546.616279,principal
AUR-0091,liability,demand_deposits,TRY,2.000000,-238.620222,interest
AUR-0091,liability,demand_deposits,TRY,2.000000,-571.462473,principal
AUR-0091,liability,demand_deposits,TRY,3.000000,-135.068050,interest
AUR-0091,liability,demand_deposits,TRY,3.000000,-447.231501,principal
AUR-0091,liability,demand_deposits,TRY,5.000000,-108.054440,interest
AUR-0091,liability,demand_deposits,TRY,5.000000,-298.154334,principal
AUR-0092,liability,demand_deposits,TRY,0.250000,-110.708814,interest
AUR-0092,liability,demand_deposits,TRY,0.250000,-250.935610,principal
AUR-0092,liability,demand_deposits,TRY,0.500000,-99.637932,interest
AUR-0092,liability,demand_deposits,TRY,0.500000,-376.403415,principal
AUR-0092,liability,demand_deposits,TRY,1.000000,-166.063221,interest
AUR-0092,liability,demand_deposits,TRY,1.000000,-552.058342,principal
AUR-0092,liability,demand_deposits,TRY,2.000000,-234.702685,interest
AUR-0092,liability,demand_deposits,TRY,2.000000,-577.151903,principal
AUR-0092,liability,demand_deposits,TRY,3.000000,-132.850576,interest
AUR-0092,liability,demand_deposits,TRY,3.000000,-451.684098,principal
AUR-0092,liability,demand_deposits,TRY,5.000000,-106.280461,interest
AUR-0092,liability,demand_deposits,TRY,5.000000,-301.122732,principal
AUR-0093,liability,demand_deposits,TRY,0.250000,-94.473662,interest
AUR-0093,liability,demand_deposits,TRY,0.250000,-214.367346,principal
AUR-0093,liability,demand_deposits,TRY,0.500000,-85.026296,interest
AUR-0093,liability,demand_deposits,TRY,0.500000,-321.551020,principal
AUR-0093,liability,demand_deposits,TRY,1.000000,-141.710493,interest
AUR-0093,liability,demand_deposits,TRY,1.000000,-471.608162,principal
AUR-0093,liability,demand_deposits,TRY,2.000000,-200.284163,interest
AUR-0093,liability,demand_deposits,TRY,2.000000,-493.044897,principal
AUR-0093,liability,demand_deposits,TRY,3.000000,-113.368394,interest
AUR-0093,liability,demand_deposits,TRY,3.000000,-385.861224,principal
AUR-0093,liability,demand_deposits,TRY,5.000000,-90.694715,interest
AUR-0093,liability,demand_deposits,TRY,5.000000,-257.240816,principal
AUR-0094,liability,demand_deposits,TRY,0.250000,-67.437675,interest
AUR-0094,liability,demand_deposits,TRY,0.250000,-149.699028,principal
AUR-0094,liability,demand_deposits,TRY,0.500000,-60.693908,interest
AUR-0094,liability,demand_deposits,TRY,0.500000,-224.548541,principal
AUR-0094,liability,demand_deposits,TRY,1.000000,-101.156513,interest
AUR-0094,liability,demand_deposits,TRY,1.000000,-329.337861,principal
AUR-0094,liability,demand_deposits,TRY,2.000000,-142.967872,interest
AUR-0094,liability,demand_deposits,TRY,2.000000,-344.307763,principal
AUR-0094,liability,demand_deposits,TRY,3.000000,-80.925210,interest
AUR-0094,liability,demand_deposits,TRY,3.000000,-269.458250,principal
AUR-0094,liability,demand_deposits,TRY,5.000000,-64.740168,interest
AUR-0094,liability,demand_deposits,TRY,5.000000,-179.638833,principal
AUR-0095,liability,demand_deposits,TRY,0.250000,-197.928618,interest
AUR-0095,liability,demand_deposits,TRY,0.250000,-441.317483,principal
AUR-0095,liability,demand_deposits,TRY,0.500000,-178.135757,interest
AUR-0095,liability,demand_deposits,TRY,0.500000,-661.976224,principal
AUR-0095,liability,demand_deposits,TRY,1.000000,-296.892928,interest
AUR-0095,liability,demand_deposits,TRY,1.000000,-970.898463,principal
AUR-0095,liability,demand_deposits,TRY,2.000000,-419.608671,interest
AUR-0095,liability,demand_deposits,TRY,2.000000,-1015.030211,principal
AUR-0095,liability,demand_deposits,TRY,3.000000,-237.514342,interest
AUR-0095,liability,demand_deposits,TRY,3.000000,-794.371469,principal
AUR-0095,liability,demand_deposits,TRY,5.000000,-190.011474,interest
AUR-0095,liability,demand_deposits,TRY,5.000000,-529.580980,principal
AUR-0096,liability,term_deposits,TRY,0.246747,-146.724942,interest
AUR-0096,liability,term_deposits,TRY,0.493493,-146.724942,interest
AUR-0096,liability,term_deposits,TRY,0.740240,-146.724942,interest
AUR-0096,liability,term_deposits,TRY,0.740240,-1639.919133,principal
AUR-0097,liability,term_deposits,TRY,0.189921,-259.602225,interest
AUR-0097,liability,term_deposits,TRY,0.189921,-3727.635531,principal
AUR-0098,liability,term_deposits,TRY,0.179381,-349.345341,interest
AUR-0098,liability,term_deposits,TRY,0.179381,-5256.748147,principal
AUR-0099,liability,term_deposits,TRY,0.239455,-590.161054,interest
AUR-0099,liability,term_deposits,TRY,0.239455,-6757.056700,principal
AUR-0100,liability,term_deposits,TRY,0.187320,-130.573334,interest
AUR-0100,liability,term_deposits,TRY,0.374640,-130.573334,interest
AUR-0100,liability,term_deposits,TRY,0.561960,-130.573334,interest
AUR-0100,liability,term_deposits,TRY,0.561960,-1904.461384,principal
AUR-0101,liability,term_deposits,TRY,0.210688,-128.604376,interest
AUR-0101,liability,term_deposits,TRY,0.421376,-128.604376,interest
AUR-0101,liability,term_deposits,TRY,0.632065,-128.604376,interest
AUR-0101,liability,term_deposits,TRY,0.842753,-128.604376,interest
AUR-0101,liability,term_deposits,TRY,0.842753,-1658.774023,principal
AUR-0102,liability,term_deposits,TRY,0.159576,-112.069250,interest
AUR-0102,liability,term_deposits,TRY,0.159576,-1927.268246,principal
AUR-0103,liability,term_deposits,TRY,0.228954,-362.764873,interest
AUR-0103,liability,term_deposits,TRY,0.457907,-362.764873,interest
AUR-0103,liability,term_deposits,TRY,0.457907,-4320.485062,principal
AUR-0104,liability,term_deposits,TRY,0.240757,-690.468264,interest
AUR-0104,liability,term_deposits,TRY,0.481514,-690.468264,interest
AUR-0104,liability,term_deposits,TRY,0.722271,-690.468264,interest
AUR-0104,liability,term_deposits,TRY,0.722271,-7862.775792,principal
AUR-0105,liability,term_deposits,TRY,0.082140,-203.432950,interest
AUR-0105,liability,term_deposits,TRY,0.082140,-6713.866407,principal
AUR-0106,liability,term_deposits,TRY,0.222591,-466.887863,interest
AUR-0106,liability,term_deposits,TRY,0.222591,-5776.476919,principal
AUR-0107,liability,term_deposits,TRY,0.198709,-688.292898,interest
AUR-0107,liability,term_deposits,TRY,0.198709,-9454.532656,principal
AUR-0108,liability,interbank_funding,TRY,0.216322,-108.722198,interest
AUR-0108,liability,interbank_funding,TRY,0.432645,-108.722198,interest
AUR-0108,liability,interbank_funding,TRY,0.432645,-1264.625474,principal
AUR-0109,liability,interbank_funding,TRY,0.208634,-95.404801,interest
AUR-0109,liability,interbank_funding,TRY,0.417268,-95.404801,interest
AUR-0109,liability,interbank_funding,TRY,0.417268,-1164.655802,principal
AUR-0110,liability,interbank_funding,TRY,0.197727,-227.169370,interest
AUR-0110,liability,interbank_funding,TRY,0.197727,-2914.638178,principal
AUR-0111,liability,interbank_funding,TRY,0.188727,-216.311371,interest
AUR-0111,liability,interbank_funding,TRY,0.188727,-2868.624047,principal
AUR-0112,liability,interbank_funding,TRY,0.137036,-97.222274,interest
AUR-0112,liability,interbank_funding,TRY,0.274071,-97.222274,interest
AUR-0112,liability,interbank_funding,TRY,0.274071,-1787.456499,principal
AUR-0113,liability,repo_funding,TRY,0.111871,-17.663366,interest
AUR-0113,liability,repo_funding,TRY,0.111871,-401.870560,principal
AUR-0114,liability,repo_funding,TRY,0.111943,-106.928250,interest
AUR-0114,liability,repo_funding,TRY,0.111943,-2446.587339,principal
AUR-0115,liability,repo_funding,TRY,0.055576,-94.151734,interest
AUR-0115,liability,repo_funding,TRY,0.055576,-4412.160563,principal
AUR-0116,liability,repo_funding,TRY,0.179083,-51.387067,interest
AUR-0116,liability,repo_funding,TRY,0.179083,-739.381538,principal
AUR-0117,liability,issued_debt,TRY,0.484298,-122.080263,interest
AUR-0117,liability,issued_debt,TRY,0.968596,-122.080263,interest
AUR-0117,liability,issued_debt,TRY,1.452893,-122.080263,interest
AUR-0117,liability,issued_debt,TRY,1.937191,-122.080263,interest
AUR-0117,liability,issued_debt,TRY,2.421489,-122.080263,interest
AUR-0117,liability,issued_debt,TRY,2.905786,-122.080263,interest
AUR-0117,liability,issued_debt,TRY,3.390084,-122.080263,interest
AUR-0117,liability,issued_debt,TRY,3.874382,-122.080263,interest
AUR-0117,liability,issued_debt,TRY,4.358680,-122.080263,interest
AUR-0117,liability,issued_debt,TRY,4.842978,-122.080263,interest
AUR-0117,liability,issued_debt,TRY,5.327275,-122.080263,interest
AUR-0117,liability,issued_debt,TRY,5.811573,-122.080263,interest
AUR-0117,liability,issued_debt,TRY,5.811573,-792.984636,principal
AUR-0118,liability,issued_debt,TRY,0.444580,-97.624626,interest
AUR-0118,liability,issued_debt,TRY,0.889159,-97.624626,interest
AUR-0118,liability,issued_debt,TRY,1.333738,-97.624626,interest
AUR-0118,liability,issued_debt,TRY,1.778318,-97.624626,interest
AUR-0118,liability,issued_debt,TRY,2.222898,-97.624626,interest
AUR-0118,liability,issued_debt,TRY,2.667477,-97.624626,interest
AUR-0118,liability,issued_debt,TRY,3.112056,-97.624626,interest
AUR-0118,liability,issued_debt,TRY,3.556636,-97.624626,interest
AUR-0118,liability,issued_debt,TRY,3.556636,-701.445736,principal
AUR-0119,liability,issued_debt,TRY,0.375426,-270.664161,interest
AUR-0119,liability,issued_debt,TRY,0.750852,-270.664161,interest
AUR-0119,liability,issued_debt,TRY,1.126279,-270.664161,interest
AUR-0119,liability,issued_debt,TRY,1.501705,-270.664161,interest
AUR-0119,liability,issued_debt,TRY,1.501705,-2272.545453,principal
AUR-0120,liability,issued_debt,TRY,0.450218,-760.772032,interest
AUR-0120,liability,issued_debt,TRY,0.900435,-760.772032,interest
AUR-0120,liability,issued_debt,TRY,1.350653,-760.772032,interest
AUR-0120,liability,issued_debt,TRY,1.800870,-760.772032,interest
AUR-0120,liability,issued_debt,TRY,2.251088,-760.772032,interest
AUR-0120,liability,issued_debt,TRY,2.701305,-760.772032,interest
AUR-0120,liability,issued_debt,TRY,3.151523,-760.772032,interest
AUR-0120,liability,issued_debt,TRY,3.601740,-760.772032,interest
AUR-0120,liability,issued_debt,TRY,4.051958,-760.772032,interest
AUR-0120,liability,issued_debt,TRY,4.502175,-760.772032,interest
AUR-0120,liability,issued_debt,TRY,4.502175,-5236.305360,principal
AUR-0121,liability,issued_debt,TRY,0.404084,-128.903659,interest
AUR-0121,liability,issued_debt,TRY,0.808167,-128.903659,interest
AUR-0121,liability,issued_debt,TRY,1.212251,-128.903659,interest
AUR-0121,liability,issued_debt,TRY,1.212251,-996.718815,principal
AUR-0122,liability,demand_deposits,USD,0.250000,-8.035415,interest
AUR-0122,liability,demand_deposits,USD,0.250000,-282.113669,principal
AUR-0122,liability,demand_deposits,USD,0.500000,-7.231874,interest
AUR-0122,liability,demand_deposits,USD,0.500000,-423.170504,principal
AUR-0122,liability,demand_deposits,USD,1.000000,-12.053123,interest
AUR-0122,liability,demand_deposits,USD,1.000000,-620.650072,principal
AUR-0122,liability,demand_deposits,USD,2.000000,-17.035081,interest
AUR-0122,liability,demand_deposits,USD,2.000000,-648.861439,principal
AUR-0122,liability,demand_deposits,USD,3.000000,-9.642499,interest
AUR-0122,liability,demand_deposits,USD,3.000000,-507.804604,principal
AUR-0122,liability,demand_deposits,USD,5.000000,-7.713999,interest
AUR-0122,liability,demand_deposits,USD,5.000000,-338.536403,principal
AUR-0123,liability,demand_deposits,USD,0.250000,-1.570956,interest
AUR-0123,liability,demand_deposits,USD,0.250000,-72.983812,principal
AUR-0123,liability,demand_deposits,USD,0.500000,-1.413861,interest
AUR-0123,liability,demand_deposits,USD,0.500000,-109.475717,principal
AUR-0123,liability,demand_deposits,USD,1.000000,-2.356435,interest
AUR-0123,liability,demand_deposits,USD,1.000000,-160.564385,principal
AUR-0123,liability,demand_deposits,USD,2.000000,-3.330428,interest
AUR-0123,liability,demand_deposits,USD,2.000000,-167.862766,principal
AUR-0123,liability,demand_deposits,USD,3.000000,-1.885148,interest
AUR-0123,liability,demand_deposits,USD,3.000000,-131.370861,principal
AUR-0123,liability,demand_deposits,USD,5.000000,-1.508118,interest
AUR-0123,liability,demand_deposits,USD,5.000000,-87.580574,principal
AUR-0124,liability,demand_deposits,USD,0.250000,-4.433678,interest
AUR-0124,liability,demand_deposits,USD,0.250000,-174.017137,principal
AUR-0124,liability,demand_deposits,USD,0.500000,-3.990310,interest
AUR-0124,liability,demand_deposits,USD,0.500000,-261.025706,principal
AUR-0124,liability,demand_deposits,USD,1.000000,-6.650517,interest
AUR-0124,liability,demand_deposits,USD,1.000000,-382.837702,principal
AUR-0124,liability,demand_deposits,USD,2.000000,-9.399398,interest
AUR-0124,liability,demand_deposits,USD,2.000000,-400.239416,principal
AUR-0124,liability,demand_deposits,USD,3.000000,-5.320414,interest
AUR-0124,liability,demand_deposits,USD,3.000000,-313.230847,principal
AUR-0124,liability,demand_deposits,USD,5.000000,-4.256331,interest
AUR-0124,liability,demand_deposits,USD,5.000000,-208.820565,principal
AUR-0125,liability,demand_deposits,USD,0.250000,-3.232693,interest
AUR-0125,liability,demand_deposits,USD,0.250000,-99.284245,principal
AUR-0125,liability,demand_deposits,USD,0.500000,-2.909423,interest
AUR-0125,liability,demand_deposits,USD,0.500000,-148.926367,principal
AUR-0125,liability,demand_deposits,USD,1.000000,-4.849039,interest
AUR-0125,liability,demand_deposits,USD,1.000000,-218.425339,principal
AUR-0125,liability,demand_deposits,USD,2.000000,-6.853308,interest
AUR-0125,liability,demand_deposits,USD,2.000000,-228.353763,principal
AUR-0125,liability,demand_deposits,USD,3.000000,-3.879231,interest
AUR-0125,liability,demand_deposits,USD,3.000000,-178.711641,principal
AUR-0125,liability,demand_deposits,USD,5.000000,-3.103385,interest
AUR-0125,liability,demand_deposits,USD,5.000000,-119.141094,principal
AUR-0126,liability,demand_deposits,USD,0.250000,-4.512179,interest
AUR-0126,liability,demand_deposits,USD,0.250000,-171.601137,principal
AUR-0126,liability,demand_deposits,USD,0.500000,-4.060961,interest
AUR-0126,liability,demand_deposits,USD,0.500000,-257.401706,principal
AUR-0126,liability,demand_deposits,USD,1.000000,-6.768268,interest
AUR-0126,liability,demand_deposits,USD,1.000000,-377.522502,principal
AUR-0126,liability,demand_deposits,USD,2.000000,-9.565819,interest
AUR-0126,liability,demand_deposits,USD,2.000000,-394.682616,principal
AUR-0126,liability,demand_deposits,USD,3.000000,-5.414615,interest
AUR-0126,liability,demand_deposits,USD,3.000000,-308.882047,principal
AUR-0126,liability,demand_deposits,USD,5.000000,-4.331692,interest
AUR-0126,liability,demand_deposits,USD,5.000000,-205.921365,principal
AUR-0127,liability,term_deposits,USD,0.154067,-15.133365,interest
AUR-0127,liability,term_deposits,USD,0.308134,-15.133365,interest
AUR-0127,liability,term_deposits,USD,0.308134,-2776.350582,principal
AUR-0128,liability,term_deposits,USD,0.204420,-9.190872,interest
AUR-0128,liability,term_deposits,USD,0.408840,-9.190872,interest
AUR-0128,liability,term_deposits,USD,0.408840,-1339.598786,principal
AUR-0129,liability,term_deposits,USD,0.215837,-15.074664,interest
AUR-0129,liability,term_deposits,USD,0.431674,-15.074664,interest
AUR-0129,liability,term_deposits,USD,0.647510,-15.074664,interest
AUR-0129,liability,term_deposits,USD,0.863347,-15.074664,interest
AUR-0129,liability,term_deposits,USD,0.863347,-1972.488443,principal
AUR-0130,liability,term_deposits,USD,0.101327,-3.597507,interest
AUR-0130,liability,term_deposits,USD,0.101327,-992.316522,principal
AUR-0131,liability,term_deposits,USD,0.195593,-7.662856,interest
AUR-0131,liability,term_deposits,USD,0.391186,-7.662856,interest
AUR-0131,liability,term_deposits,USD,0.586779,-7.662856,interest
AUR-0131,liability,term_deposits,USD,0.782372,-7.662856,interest
AUR-0131,liability,term_deposits,USD,0.782372,-1173.301809,principal
AUR-0132,liability,term_deposits,USD,0.202016,-10.749129,interest
AUR-0132,liability,term_deposits,USD,0.404032,-10.749129,interest
AUR-0132,liability,term_deposits,USD,0.606049,-10.749129,interest
AUR-0132,liability,term_deposits,USD,0.808065,-10.749129,interest
AUR-0132,liability,term_deposits,USD,0.808065,-1745.943858,principal
AUR-0133,liability,wholesale_funding,USD,0.225998,-13.947266,interest
AUR-0133,liability,wholesale_funding,USD,0.225998,-1136.233652,principal
AUR-0134,liability,wholesale_funding,USD,0.222668,-30.178278,interest
AUR-0134,liability,wholesale_funding,USD,0.445336,-30.178278,interest
AUR-0134,liability,wholesale_funding,USD,0.445336,-2140.167645,principal
AUR-0135,liability,wholesale_funding,USD,0.113278,-10.488448,interest
AUR-0135,liability,wholesale_funding,USD,0.113278,-1559.377796,principal
AUR-0136,liability,wholesale_funding,USD,0.142092,-9.008636,interest
AUR-0136,liability,wholesale_funding,USD,0.142092,-1164.220907,principal
AUR-0137,liability,demand_deposits,EUR,0.250000,-7.180168,interest
AUR-0137,liability,demand_deposits,EUR,0.250000,-192.603514,principal
AUR-0137,liability,demand_deposits,EUR,0.500000,-6.462151,interest
AUR-0137,liability,demand_deposits,EUR,0.500000,-288.905271,principal
AUR-0137,liability,demand_deposits,EUR,1.000000,-10.770251,interest
AUR-0137,liability,demand_deposits,EUR,1.000000,-423.727731,principal
AUR-0137,liability,demand_deposits,EUR,2.000000,-15.221955,interest
AUR-0137,liability,demand_deposits,EUR,2.000000,-442.988083,principal
AUR-0137,liability,demand_deposits,EUR,3.000000,-8.616201,interest
AUR-0137,liability,demand_deposits,EUR,3.000000,-346.686326,principal
AUR-0137,liability,demand_deposits,EUR,5.000000,-6.892961,interest
AUR-0137,liability,demand_deposits,EUR,5.000000,-231.124217,principal
AUR-0138,liability,demand_deposits,EUR,0.250000,-2.000184,interest
AUR-0138,liability,demand_deposits,EUR,0.250000,-55.668845,principal
AUR-0138,liability,demand_deposits,EUR,0.500000,-1.800166,interest
AUR-0138,liability,demand_deposits,EUR,0.500000,-83.503267,principal
AUR-0138,liability,demand_deposits,EUR,1.000000,-3.000277,interest
AUR-0138,liability,demand_deposits,EUR,1.000000,-122.471458,principal
AUR-0138,liability,demand_deposits,EUR,2.000000,-4.240391,interest
AUR-0138,liability,demand_deposits,EUR,2.000000,-128.038343,principal
AUR-0138,liability,demand_deposits,EUR,3.000000,-2.400221,interest
AUR-0138,liability,demand_deposits,EUR,3.000000,-100.203920,principal
AUR-0138,liability,demand_deposits,EUR,5.000000,-1.920177,interest
AUR-0138,liability,demand_deposits,EUR,5.000000,-66.802614,principal
AUR-0139,liability,demand_deposits,EUR,0.250000,-1.831397,interest
AUR-0139,liability,demand_deposits,EUR,0.250000,-61.206606,principal
AUR-0139,liability,demand_deposits,EUR,0.500000,-1.648257,interest
AUR-0139,liability,demand_deposits,EUR,0.500000,-91.809909,principal
AUR-0139,liability,demand_deposits,EUR,1.000000,-2.747095,interest
AUR-0139,liability,demand_deposits,EUR,1.000000,-134.654533,principal
AUR-0139,liability,demand_deposits,EUR,2.000000,-3.882561,interest
AUR-0139,liability,demand_deposits,EUR,2.000000,-140.775194,principal
AUR-0139,liability,demand_deposits,EUR,3.000000,-2.197676,interest
AUR-0139,liability,demand_deposits,EUR,3.000000,-110.171891,principal
AUR-0139,liability,demand_deposits,EUR,5.000000,-1.758141,interest
AUR-0139,liability,demand_deposits,EUR,5.000000,-73.447927,principal
AUR-0140,liability,demand_deposits,EUR,0.250000,-2.053181,interest
AUR-0140,liability,demand_deposits,EUR,0.250000,-140.521035,principal
AUR-0140,liability,demand_deposits,EUR,0.500000,-1.847863,interest
AUR-0140,liability,demand_deposits,EUR,0.500000,-210.781553,principal
AUR-0140,liability,demand_deposits,EUR,1.000000,-3.079771,interest
AUR-0140,liability,demand_deposits,EUR,1.000000,-309.146277,principal
AUR-0140,liability,demand_deposits,EUR,2.000000,-4.352744,interest
AUR-0140,liability,demand_deposits,EUR,2.000000,-323.198381,principal
AUR-0140,liability,demand_deposits,EUR,3.000000,-2.463817,interest
AUR-0140,liability,demand_deposits,EUR,3.000000,-252.937863,principal
AUR-0140,liability,demand_deposits,EUR,5.000000,-1.971054,interest
AUR-0140,liability,demand_deposits,EUR,5.000000,-168.625242,principal
AUR-0141,liability,term_deposits,EUR,0.241848,-15.949190,interest
AUR-0141,liability,term_deposits,EUR,0.483696,-15.949190,interest
AUR-0141,liability,term_deposits,EUR,0.725545,-15.949190,interest
AUR-0141,liability,term_deposits,EUR,0.967393,-15.949190,interest
AUR-0141,liability,term_deposits,EUR,0.967393,-3033.721517,principal
AUR-0142,liability,term_deposits,EUR,0.220788,-5.145439,interest
AUR-0142,liability,term_deposits,EUR,0.441576,-5.145439,interest
AUR-0142,liability,term_deposits,EUR,0.662363,-5.145439,interest
AUR-0142,liability,term_deposits,EUR,0.883151,-5.145439,interest
AUR-0142,liability,term_deposits,EUR,0.883151,-917.111452,principal
AUR-0143,liability,term_deposits,EUR,0.249145,-1.822502,interest
AUR-0143,liability,term_deposits,EUR,0.498290,-1.822502,interest
AUR-0143,liability,term_deposits,EUR,0.498290,-278.122897,principal
AUR-0144,liability,term_deposits,EUR,0.139518,-4.184495,interest
AUR-0144,liability,term_deposits,EUR,0.139518,-1058.534013,principal
AUR-0145,liability,term_deposits,EUR,0.197336,-3.203337,interest
AUR-0145,liability,term_deposits,EUR,0.394673,-3.203337,interest
AUR-0145,liability,term_deposits,EUR,0.394673,-712.510121,principal
AUR-0146,liability,wholesale_funding,EUR,0.243125,-13.568325,interest
AUR-0146,liability,wholesale_funding,EUR,0.486250,-13.568325,interest
AUR-0146,liability,wholesale_funding,EUR,0.486250,-1454.486053,principal
AUR-0147,liability,wholesale_funding,EUR,0.158262,-5.242588,interest
AUR-0147,liability,wholesale_funding,EUR,0.316525,-5.242588,interest
AUR-0147,liability,wholesale_funding,EUR,0.316525,-626.555385,principal
AUR-0148,liability,wholesale_funding,EUR,0.148940,-4.821083,interest
AUR-0148,liability,wholesale_funding,EUR,0.297880,-4.821083,interest
AUR-0148,liability,wholesale_funding,EUR,0.297880,-918.958562,principal
