currency,bucket,midpoint_years,base_rate_pct,classification,scenario,shock_bps,shocked_rate_pct
TRY,ON,0.001370,40.000000,synthetic_curve_calibrated_to_public_market_context,parallel_up,400.000000,44.000000
TRY,ON-1M,0.041667,40.000000,synthetic_curve_calibrated_to_public_market_context,parallel_up,400.000000,44.000000
TRY,1M-3M,0.166667,39.800000,synthetic_curve_calibrated_to_public_market_context,parallel_up,400.000000,43.800000
TRY,3M-6M,0.375000,39.500000,synthetic_curve_calibrated_to_public_market_context,parallel_up,400.000000,43.500000
TRY,6M-9M,0.625000,39.000000,synthetic_curve_calibrated_to_public_market_context,parallel_up,400.000000,43.000000
TRY,9M-1Y,0.875000,38.200000,synthetic_curve_calibrated_to_public_market_context,parallel_up,400.000000,42.200000
TRY,1Y-1.5Y,1.250000,37.500000,synthetic_curve_calibrated_to_public_market_context,parallel_up,400.000000,41.500000
TRY,1.5Y-2Y,1.750000,36.800000,synthetic_curve_calibrated_to_public_market_context,parallel_up,400.000000,40.800000
TRY,2Y-3Y,2.500000,35.500000,synthetic_curve_calibrated_to_public_market_context,parallel_up,400.000000,39.500000
TRY,3Y-4Y,3.500000,34.000000,synthetic_curve_calibrated_to_public_market_context,parallel_up,400.000000,38.000000
TRY,4Y-5Y,4.500000,32.500000,synthetic_curve_calibrated_to_public_market_context,parallel_up,400.000000,36.500000
TRY,5Y-6Y,5.500000,31.000000,synthetic_curve_calibrated_to_public_market_context,parallel_up,400.000000,35.000000
TRY,6Y-7Y,6.500000,29.800000,synthetic_curve_calibrated_to_public_market_context,parallel_up,400.000000,33.800000
TRY,7Y-8Y,7.500000,28.800000,synthetic_curve_calibrated_to_public_market_context,parallel_up,400.000000,32.800000
TRY,8Y-9Y,8.500000,28.000000,synthetic_curve_calibrated_to_public_market_context,parallel_up,400.000000,32.000000
TRY,9Y-10Y,9.500000,27.500000,synthetic_curve_calibrated_to_public_market_context,parallel_up,400.000000,31.500000
TRY,10Y-15Y,12.500000,26.500000,synthetic_curve_calibrated_to_public_market_context,parallel_up,400.000000,30.500000
TRY,15Y-20Y,17.500000,25.000000,synthetic_curve_calibrated_to_public_market_context,parallel_up,400.000000,29.000000
TRY,>20Y,25.000000,24.000000,synthetic_curve_calibrated_to_public_market_context,parallel_up,400.000000,28.000000
TRY,ON,0.001370,40.000000,synthetic_curve_calibrated_to_public_market_context,parallel_down,-400.000000,36.000000
TRY,ON-1M,0.041667,40.000000,synthetic_curve_calibrated_to_public_market_context,parallel_down,-400.000000,36.000000
TRY,1M-3M,0.166667,39.800000,synthetic_curve_calibrated_to_public_market_context,parallel_down,-400.000000,35.800000
TRY,3M-6M,0.375000,39.500000,synthetic_curve_calibrated_to_public_market_context,parallel_down,-400.000000,35.500000
TRY,6M-9M,0.625000,39.000000,synthetic_curve_calibrated_to_public_market_context,parallel_down,-400.000000,35.000000
TRY,9M-1Y,0.875000,38.200000,synthetic_curve_calibrated_to_public_market_context,parallel_down,-400.000000,34.200000
TRY,1Y-1.5Y,1.250000,37.500000,synthetic_curve_calibrated_to_public_market_context,parallel_down,-400.000000,33.500000
TRY,1.5Y-2Y,1.750000,36.800000,synthetic_curve_calibrated_to_public_market_context,parallel_down,-400.000000,32.800000
TRY,2Y-3Y,2.500000,35.500000,synthetic_curve_calibrated_to_public_market_context,parallel_down,-400.000000,31.500000
TRY,3Y-4Y,3.500000,34.000000,synthetic_curve_calibrated_to_public_market_context,parallel_down,-400.000000,30.000000
TRY,4Y-5Y,4.500000,32.500000,synthetic_curve_calibrated_to_public_market_context,parallel_down,-400.000000,28.500000
TRY,5Y-6Y,5.500000,31.000000,synthetic_curve_calibrated_to_public_market_context,parallel_down,-400.000000,27.000000
TRY,6Y-7Y,6.500000,29.800000,synthetic_curve_calibrated_to_public_market_context,parallel_down,-400.000000,25.800000
TRY,7Y-8Y,7.500000,28.800000,synthetic_curve_calibrated_to_public_market_context,parallel_down,-400.000000,24.800000
TRY,8Y-9Y,8.500000,28.000000,synthetic_curve_calibrated_to_public_market_context,parallel_down,-400.000000,24.000000
TRY,9Y-10Y,9.500000,27.500000,synthetic_curve_calibrated_to_public_market_context,parallel_down,-400.000000,23.500000
TRY,10Y-15Y,12.500000,26.500000,synthetic_curve_calibrated_to_public_market_context,parallel_down,-400.000000,22.500000
TRY,15Y-20Y,17.500000,25.000000,synthetic_curve_calibrated_to_public_market_context,parallel_down,-400.000000,21.000000
TRY,>20Y,25.000000,24.000000,synthetic_curve_calibrated_to_public_market_context,parallel_down,-400.000000,20.000000
TRY,ON,0.001370,40.000000,synthetic_curve_calibrated_to_public_market_context,steepener,-324.796268,36.752037
TRY,ON-1M,0.041667,40.000000,synthetic_curve_calibrated_to_public_market_context,steepener,-318.834252,36.811657
TRY,1M-3M,0.166667,39.800000,synthetic_curve_calibrated_to_public_market_context,steepener,-300.717727,36.792823
TRY,3M-6M,0.375000,39.500000,synthetic_curve_calibrated_to_public_market_context,steepener,-271.753665,36.782463
TRY,6M-9M,0.625000,39.000000,synthetic_curve_calibrated_to_public_market_context,steepener,-238.930470,36.610695
TRY,9M-1Y,0.875000,38.200000,synthetic_curve_calibrated_to_public_market_context,steepener,-208.095931,36.119041
TRY,1Y-1.5Y,1.250000,37.500000,synthetic_curve_calibrated_to_public_market_context,steepener,-165.311299,35.846887
TRY,1.5Y-2Y,1.750000,36.800000,synthetic_curve_calibrated_to_public_market_context,steepener,-114.160873,35.658391
TRY,2Y-3Y,2.500000,35.500000,synthetic_curve_calibrated_to_public_market_context,steepener,-48.480550,35.015195
TRY,3Y-4Y,3.500000,34.000000,synthetic_curve_calibrated_to_public_market_context,steepener,21.967098,34.219671
TRY,4Y-5Y,4.500000,32.500000,synthetic_curve_calibrated_to_public_market_context,steepener,76.831782,33.268318
TRY,5Y-6Y,5.500000,31.000000,synthetic_curve_calibrated_to_public_market_context,steepener,119.560440,32.195604
TRY,6Y-7Y,6.500000,29.800000,synthetic_curve_calibrated_to_public_market_context,steepener,152.837553,31.328376
TRY,7Y-8Y,7.500000,28.800000,synthetic_curve_calibrated_to_public_market_context,steepener,178.753795,30.587538
TRY,8Y-9Y,8.500000,28.000000,synthetic_curve_calibrated_to_public_market_context,steepener,198.937384,29.989374
TRY,9Y-10Y,9.500000,27.500000,synthetic_curve_calibrated_to_public_market_context,steepener,214.656379,29.646564
TRY,10Y-15Y,12.500000,26.500000,synthetic_curve_calibrated_to_public_market_context,steepener,243.857524,28.938575
TRY,15Y-20Y,17.500000,25.000000,synthetic_curve_calibrated_to_public_market_context,steepener,262.510055,27.625101
TRY,>20Y,25.000000,24.000000,synthetic_curve_calibrated_to_public_market_context,steepener,268.851380,26.688514
TRY,ON,0.001370,40.000000,synthetic_curve_calibrated_to_public_market_context,flattener,399.801404,43.998014
TRY,ON-1M,0.041667,40.000000,synthetic_curve_calibrated_to_public_market_context,flattener,393.989691,43.939897
TRY,1M-3M,0.166667,39.800000,synthetic_curve_calibrated_to_public_market_context,flattener,376.329885,43.563299
TRY,3M-6M,0.375000,39.500000,synthetic_curve_calibrated_to_public_market_context,flattener,348.096010,42.980960
TRY,6M-9M,0.625000,39.000000,synthetic_curve_calibrated_to_public_market_context,flattener,316.100290,42.161003
TRY,9M-1Y,0.875000,38.200000,synthetic_curve_calibrated_to_public_market_context,flattener,286.043093,41.060431
TRY,1Y-1.5Y,1.250000,37.500000,synthetic_curve_calibrated_to_public_market_context,flattener,244.337065,39.943371
TRY,1.5Y-2Y,1.750000,36.800000,synthetic_curve_calibrated_to_public_market_context,flattener,194.476145,38.744761
TRY,2Y-3Y,2.500000,35.500000,synthetic_curve_calibrated_to_public_market_context,flattener,130.451629,36.804516
TRY,3Y-4Y,3.500000,34.000000,synthetic_curve_calibrated_to_public_market_context,flattener,61.779971,34.617800
TRY,4Y-5Y,4.500000,32.500000,synthetic_curve_calibrated_to_public_market_context,flattener,8.298431,32.582984
TRY,5Y-6Y,5.500000,31.000000,synthetic_curve_calibrated_to_public_market_context,flattener,-33.353034,30.666470
TRY,6Y-7Y,6.500000,29.800000,synthetic_curve_calibrated_to_public_market_context,flattener,-65.791228,29.142088
TRY,7Y-8Y,7.500000,28.800000,synthetic_curve_calibrated_to_public_market_context,flattener,-91.054119,27.889459
TRY,8Y-9Y,8.500000,28.000000,synthetic_curve_calibrated_to_public_market_context,flattener,-110.728878,26.892711
TRY,9Y-10Y,9.500000,27.500000,synthetic_curve_calibrated_to_public_market_context,flattener,-126.051596,26.239484
TRY,10Y-15Y,12.500000,26.500000,synthetic_curve_calibrated_to_public_market_context,flattener,-154.516578,24.954834
TRY,15Y-20Y,17.500000,25.000000,synthetic_curve_calibrated_to_public_market_context,flattener,-172.698877,23.273011
TRY,>20Y,25.000000,24.000000,synthetic_curve_calibrated_to_public_market_context,flattener,-178.880337,22.211197
TRY,ON,0.001370,40.000000,synthetic_curve_calibrated_to_public_market_context,short_up,499.828796,44.998288
TRY,ON-1M,0.041667,40.000000,synthetic_curve_calibrated_to_public_market_context,short_up,494.818699,44.948187
TRY,1M-3M,0.166667,39.800000,synthetic_curve_calibrated_to_public_market_context,short_up,479.594729,44.595947
TRY,3M-6M,0.375000,39.500000,synthetic_curve_calibrated_to_public_market_context,short_up,455.255181,44.052552
TRY,6M-9M,0.625000,39.000000,synthetic_curve_calibrated_to_public_market_context,short_up,427.672664,43.276727
TRY,9M-1Y,0.875000,38.200000,synthetic_curve_calibrated_to_public_market_context,short_up,401.761287,42.217613
TRY,1Y-1.5Y,1.250000,37.500000,synthetic_curve_calibrated_to_public_market_context,short_up,365.807814,41.158078
TRY,1.5Y-2Y,1.750000,36.800000,synthetic_curve_calibrated_to_public_market_context,short_up,322.824263,40.028243
TRY,2Y-3Y,2.500000,35.500000,synthetic_curve_calibrated_to_public_market_context,short_up,267.630714,38.176307
TRY,3Y-4Y,3.500000,34.000000,synthetic_curve_calibrated_to_public_market_context,short_up,208.431010,36.084310
TRY,4Y-5Y,4.500000,32.500000,synthetic_curve_calibrated_to_public_market_context,short_up,162.326234,34.123262
TRY,5Y-6Y,5.500000,31.000000,synthetic_curve_calibrated_to_public_market_context,short_up,126.419798,32.264198
TRY,6Y-7Y,6.500000,29.800000,synthetic_curve_calibrated_to_public_market_context,short_up,98.455838,30.784558
TRY,7Y-8Y,7.500000,28.800000,synthetic_curve_calibrated_to_public_market_context,short_up,76.677483,29.566775
TRY,8Y-9Y,8.500000,28.000000,synthetic_curve_calibrated_to_public_market_context,short_up,59.716484,28.597165
TRY,9Y-10Y,9.500000,27.500000,synthetic_curve_calibrated_to_public_market_context,short_up,46.507245,27.965072
TRY,10Y-15Y,12.500000,26.500000,synthetic_curve_calibrated_to_public_market_context,short_up,21.968467,26.719685
TRY,15Y-20Y,17.500000,25.000000,synthetic_curve_calibrated_to_public_market_context,short_up,6.294071,25.062941
TRY,>20Y,25.000000,24.000000,synthetic_curve_calibrated_to_public_market_context,short_up,0.965227,24.009652
TRY,ON,0.001370,40.000000,synthetic_curve_calibrated_to_public_market_context,short_down,-499.828796,35.001712
TRY,ON-1M,0.041667,40.000000,synthetic_curve_calibrated_to_public_market_context,short_down,-494.818699,35.051813
TRY,1M-3M,0.166667,39.800000,synthetic_curve_calibrated_to_public_market_context,short_down,-479.594729,35.004053
TRY,3M-6M,0.375000,39.500000,synthetic_curve_calibrated_to_public_market_context,short_down,-455.255181,34.947448
TRY,6M-9M,0.625000,39.000000,synthetic_curve_calibrated_to_public_market_context,short_down,-427.672664,34.723273
TRY,9M-1Y,0.875000,38.200000,synthetic_curve_calibrated_to_public_market_context,short_down,-401.761287,34.182387
TRY,1Y-1.5Y,1.250000,37.500000,synthetic_curve_calibrated_to_public_market_context,short_down,-365.807814,33.841922
TRY,1.5Y-2Y,1.750000,36.800000,synthetic_curve_calibrated_to_public_market_context,short_down,-322.824263,33.571757
TRY,2Y-3Y,2.500000,35.500000,synthetic_curve_calibrated_to_public_market_context,short_down,-267.630714,32.823693
TRY,3Y-4Y,3.500000,34.000000,synthetic_curve_calibrated_to_public_market_context,short_down,-208.431010,31.915690
TRY,4Y-5Y,4.500000,32.500000,synthetic_curve_calibrated_to_public_market_context,short_down,-162.326234,30.876738
TRY,5Y-6Y,5.500000,31.000000,synthetic_curve_calibrated_to_public_market_context,short_down,-126.419798,29.735802
TRY,6Y-7Y,6.500000,29.800000,synthetic_curve_calibrated_to_public_market_context,short_down,-98.455838,28.815442
TRY,7Y-8Y,7.500000,28.800000,synthetic_curve_calibrated_to_public_market_context,short_down,-76.677483,28.033225
TRY,8Y-9Y,8.500000,28.000000,synthetic_curve_calibrated_to_public_market_context,short_down,-59.716484,27.402835
TRY,9Y-10Y,9.500000,27.500000,synthetic_curve_calibrated_to_public_market_context,short_down,-46.507245,27.034928
TRY,10Y-15Y,12.500000,26.500000,synthetic_curve_calibrated_to_public_market_context,short_down,-21.968467,26.280315
TRY,15Y-20Y,17.500000,25.000000,synthetic_curve_calibrated_to_public_market_context,short_down,-6.294071,24.937059
TRY,>20Y,25.000000,24.000000,synthetic_curve_calibrated_to_public_market_context,short_down,-0.965227,23.990348
USD,ON,0.001370,4.350000,synthetic_curve_calibrated_to_public_market_context,parallel_up,200.000000,6.350000
USD,ON-1M,0.041667,4.350000,synthetic_curve_calibrated_to_public_market_context,parallel_up,200.000000,6.350000
USD,1M-3M,0.166667,4.300000,synthetic_curve_calibrated_to_public_market_context,parallel_up,200.000000,6.300000
USD,3M-6M,0.375000,4.250000,synthetic_curve_calibrated_to_public_market_context,parallel_up,200.000000,6.250000
USD,6M-9M,0.625000,4.200000,synthetic_curve_calibrated_to_public_market_context,parallel_up,200.000000,6.200000
USD,9M-1Y,0.875000,4.150000,synthetic_curve_calibrated_to_public_market_context,parallel_up,200.000000,6.150000
USD,1Y-1.5Y,1.250000,4.100000,synthetic_curve_calibrated_to_public_market_context,parallel_up,200.000000,6.100000
USD,1.5Y-2Y,1.750000,4.050000,synthetic_curve_calibrated_to_public_market_context,parallel_up,200.000000,6.050000
USD,2Y-3Y,2.500000,4.000000,synthetic_curve_calibrated_to_public_market_context,parallel_up,200.000000,6.000000
USD,3Y-4Y,3.500000,4.000000,synthetic_curve_calibrated_to_public_market_context,parallel_up,200.000000,6.000000
USD,4Y-5Y,4.500000,4.050000,synthetic_curve_calibrated_to_public_market_context,parallel_up,200.000000,6.050000
USD,5Y-6Y,5.500000,4.100000,synthetic_curve_calibrated_to_public_market_context,parallel_up,200.000000,6.100000
USD,6Y-7Y,6.500000,4.200000,synthetic_curve_calibrated_to_public_market_context,parallel_up,200.000000,6.200000
USD,7Y-8Y,7.500000,4.300000,synthetic_curve_calibrated_to_public_market_context,parallel_up,200.000000,6.300000
USD,8Y-9Y,8.500000,4.400000,synthetic_curve_calibrated_to_public_market_context,parallel_up,200.000000,6.400000
USD,9Y-10Y,9.500000,4.500000,synthetic_curve_calibrated_to_public_market_context,parallel_up,200.000000,6.500000
USD,10Y-15Y,12.500000,4.650000,synthetic_curve_calibrated_to_public_market_context,parallel_up,200.000000,6.650000
USD,15Y-20Y,17.500000,4.800000,synthetic_curve_calibrated_to_public_market_context,parallel_up,200.000000,6.800000
USD,>20Y,25.000000,4.900000,synthetic_curve_calibrated_to_public_market_context,parallel_up,200.000000,6.900000
USD,ON,0.001370,4.350000,synthetic_curve_calibrated_to_public_market_context,parallel_down,-200.000000,2.350000
USD,ON-1M,0.041667,4.350000,synthetic_curve_calibrated_to_public_market_context,parallel_down,-200.000000,2.350000
USD,1M-3M,0.166667,4.300000,synthetic_curve_calibrated_to_public_market_context,parallel_down,-200.000000,2.300000
USD,3M-6M,0.375000,4.250000,synthetic_curve_calibrated_to_public_market_context,parallel_down,-200.000000,2.250000
USD,6M-9M,0.625000,4.200000,synthetic_curve_calibrated_to_public_market_context,parallel_down,-200.000000,2.200000
USD,9M-1Y,0.875000,4.150000,synthetic_curve_calibrated_to_public_market_context,parallel_down,-200.000000,2.150000
USD,1Y-1.5Y,1.250000,4.100000,synthetic_curve_calibrated_to_public_market_context,parallel_down,-200.000000,2.100000
USD,1.5Y-2Y,1.750000,4.050000,synthetic_curve_calibrated_to_public_market_context,parallel_down,-200.000000,2.050000
USD,2Y-3Y,2.500000,4.000000,synthetic_curve_calibrated_to_public_market_context,parallel_down,-200.000000,2.000000
USD,3Y-4Y,3.500000,4.000000,synthetic_curve_calibrated_to_public_market_context,parallel_down,-200.000000,2.000000
USD,4Y-5Y,4.500000,4.050000,synthetic_curve_calibrated_to_public_market_context,parallel_down,-200.000000,2.050000
USD,5Y-6Y,5.500000,4.100000,synthetic_curve_calibrated_to_public_market_context,parallel_down,-200.000000,2.100000
USD,6Y-7Y,6.500000,4.200000,synthetic_curve_calibrated_to_public_market_context,parallel_down,-200.000000,2.200000
USD,7Y-8Y,7.500000,4.300000,synthetic_curve_calibrated_to_public_market_context,parallel_down,-200.000000,2.300000
USD,8Y-9Y,8.500000,4.400000,synthetic_curve_calibrated_to_public_market_context,parallel_down,-200.000000,2.400000
USD,9Y-10Y,9.500000,4.500000,synthetic_curve_calibrated_to_public_market_context,parallel_down,-200.000000,2.500000
USD,10Y-15Y,12.500000,4.650000,synthetic_curve_calibrated_to_public_market_context,parallel_down,-200.000000,2.650000
USD,15Y-20Y,17.500000,4.800000,synthetic_curve_calibrated_to_public_market_context,parallel_down,-200.000000,2.800000
USD,>20Y,25.000000,4.900000,synthetic_curve_calibrated_to_public_market_context,parallel_down,-200.000000,2.900000
USD,ON,0.001370,4.350000,synthetic_curve_calibrated_to_public_market_context,steepener,-194.863893,2.401361
USD,ON-1M,0.041667,4.350000,synthetic_curve_calibrated_to_public_market_context,steepener,-190.880866,2.441191
USD,1M-3M,0.166667,4.300000,synthetic_curve_calibrated_to_public_market_context,steepener,-178.777809,2.512222
USD,3M-6M,0.375000,4.250000,synthetic_curve_calibrated_to_public_market_context,steepener,-159.427869,2.655721
USD,6M-9M,0.625000,4.200000,synthetic_curve_calibrated_to_public_market_context,steepener,-137.499768,2.825002
USD,9M-1Y,0.875000,4.150000,synthetic_curve_calibrated_to_public_market_context,steepener,-116.900223,2.980998
USD,1Y-1.5Y,1.250000,4.100000,synthetic_curve_calibrated_to_public_market_context,steepener,-88.317213,3.216828
USD,1.5Y-2Y,1.750000,4.050000,synthetic_curve_calibrated_to_public_market_context,steepener,-54.145289,3.508547
USD,2Y-3Y,2.500000,4.000000,synthetic_curve_calibrated_to_public_market_context,steepener,-10.266418,3.897336
USD,3Y-4Y,3.500000,4.000000,synthetic_curve_calibrated_to_public_market_context,steepener,36.797347,4.367973
USD,4Y-5Y,4.500000,4.050000,synthetic_curve_calibrated_to_public_market_context,steepener,73.450644,4.784506
USD,5Y-6Y,5.500000,4.100000,synthetic_curve_calibrated_to_public_market_context,steepener,101.996261,5.119963
USD,6Y-7Y,6.500000,4.200000,synthetic_curve_calibrated_to_public_market_context,steepener,124.227609,5.442276
USD,7Y-8Y,7.500000,4.300000,synthetic_curve_calibrated_to_public_market_context,steepener,141.541401,5.715414
USD,8Y-9Y,8.500000,4.400000,synthetic_curve_calibrated_to_public_market_context,steepener,155.025395,5.950254
USD,9Y-10Y,9.500000,4.500000,synthetic_curve_calibrated_to_public_market_context,steepener,165.526741,6.155267
USD,10Y-15Y,12.500000,4.650000,synthetic_curve_calibrated_to_public_market_context,steepener,185.035069,6.500351
USD,15Y-20Y,17.500000,4.800000,synthetic_curve_calibrated_to_public_market_context,steepener,197.496213,6.774962
USD,>20Y,25.000000,4.900000,synthetic_curve_calibrated_to_public_market_context,steepener,201.732644,6.917326
USD,ON,0.001370,4.350000,synthetic_curve_calibrated_to_public_market_context,flattener,239.871597,6.748716
USD,ON-1M,0.041667,4.350000,synthetic_curve_calibrated_to_public_market_context,flattener,236.114025,6.711140
USD,1M-3M,0.166667,4.300000,synthetic_curve_calibrated_to_public_market_context,flattener,224.696046,6.546960
USD,3M-6M,0.375000,4.250000,synthetic_curve_calibrated_to_public_market_context,flattener,206.441386,6.314414
USD,6M-9M,0.625000,4.200000,synthetic_curve_calibrated_to_public_market_context,flattener,185.754498,6.057545
USD,9M-1Y,0.875000,4.150000,synthetic_curve_calibrated_to_public_market_context,flattener,166.320965,5.813210
USD,1Y-1.5Y,1.250000,4.100000,synthetic_curve_calibrated_to_public_market_context,flattener,139.355861,5.493559
USD,1.5Y-2Y,1.750000,4.050000,synthetic_curve_calibrated_to_public_market_context,flattener,107.118197,5.121182
USD,2Y-3Y,2.500000,4.000000,synthetic_curve_calibrated_to_public_market_context,flattener,65.723036,4.657230
USD,3Y-4Y,3.500000,4.000000,synthetic_curve_calibrated_to_public_market_context,flattener,21.323257,4.213233
USD,4Y-5Y,4.500000,4.050000,synthetic_curve_calibrated_to_public_market_context,flattener,-13.255325,3.917447
USD,5Y-6Y,5.500000,4.100000,synthetic_curve_calibrated_to_public_market_context,flattener,-40.185152,3.698148
USD,6Y-7Y,6.500000,4.200000,synthetic_curve_calibrated_to_public_market_context,flattener,-61.158122,3.588419
USD,7Y-8Y,7.500000,4.300000,synthetic_curve_calibrated_to_public_market_context,flattener,-77.491887,3.525081
USD,8Y-9Y,8.500000,4.400000,synthetic_curve_calibrated_to_public_market_context,flattener,-90.212637,3.497874
USD,9Y-10Y,9.500000,4.500000,synthetic_curve_calibrated_to_public_market_context,flattener,-100.119567,3.498804
USD,10Y-15Y,12.500000,4.650000,synthetic_curve_calibrated_to_public_market_context,flattener,-118.523650,3.464764
USD,15Y-20Y,17.500000,4.800000,synthetic_curve_calibrated_to_public_market_context,flattener,-130.279447,3.497206
USD,>20Y,25.000000,4.900000,synthetic_curve_calibrated_to_public_market_context,flattener,-134.276080,3.557239
USD,ON,0.001370,4.350000,synthetic_curve_calibrated_to_public_market_context,short_up,299.897278,7.348973
USD,ON-1M,0.041667,4.350000,synthetic_curve_calibrated_to_public_market_context,short_up,296.891220,7.318912
USD,1M-3M,0.166667,4.300000,synthetic_curve_calibrated_to_public_market_context,short_up,287.756837,7.177568
USD,3M-6M,0.375000,4.250000,synthetic_curve_calibrated_to_public_market_context,short_up,273.153108,6.981531
USD,6M-9M,0.625000,4.200000,synthetic_curve_calibrated_to_public_market_context,short_up,256.603598,6.766036
USD,9M-1Y,0.875000,4.150000,synthetic_curve_calibrated_to_public_market_context,short_up,241.056772,6.560568
USD,1Y-1.5Y,1.250000,4.100000,synthetic_curve_calibrated_to_public_market_context,short_up,219.484689,6.294847
USD,1.5Y-2Y,1.750000,4.050000,synthetic_curve_calibrated_to_public_market_context,short_up,193.694558,5.986946
USD,2Y-3Y,2.500000,4.000000,synthetic_curve_calibrated_to_public_market_context,short_up,160.578429,5.605784
USD,3Y-4Y,3.500000,4.000000,synthetic_curve_calibrated_to_public_market_context,short_up,125.058606,5.250586
USD,4Y-5Y,4.500000,4.050000,synthetic_curve_calibrated_to_public_market_context,short_up,97.395740,5.023957
USD,5Y-6Y,5.500000,4.100000,synthetic_curve_calibrated_to_public_market_context,short_up,75.851879,4.858519
USD,6Y-7Y,6.500000,4.200000,synthetic_curve_calibrated_to_public_market_context,short_up,59.073503,4.790735
USD,7Y-8Y,7.500000,4.300000,synthetic_curve_calibrated_to_public_market_context,short_up,46.006490,4.760065
USD,8Y-9Y,8.500000,4.400000,synthetic_curve_calibrated_to_public_market_context,short_up,35.829890,4.758299
USD,9Y-10Y,9.500000,4.500000,synthetic_curve_calibrated_to_public_market_context,short_up,27.904347,4.779043
USD,10Y-15Y,12.500000,4.650000,synthetic_curve_calibrated_to_public_market_context,short_up,13.181080,4.781811
USD,15Y-20Y,17.500000,4.800000,synthetic_curve_calibrated_to_public_market_context,short_up,3.776443,4.837764
USD,>20Y,25.000000,4.900000,synthetic_curve_calibrated_to_public_market_context,short_up,0.579136,4.905791
USD,ON,0.001370,4.350000,synthetic_curve_calibrated_to_public_market_context,short_down,-299.897278,1.351027
USD,ON-1M,0.041667,4.350000,synthetic_curve_calibrated_to_public_market_context,short_down,-296.891220,1.381088
USD,1M-3M,0.166667,4.300000,synthetic_curve_calibrated_to_public_market_context,short_down,-287.756837,1.422432
USD,3M-6M,0.375000,4.250000,synthetic_curve_calibrated_to_public_market_context,short_down,-273.153108,1.518469
USD,6M-9M,0.625000,4.200000,synthetic_curve_calibrated_to_public_market_context,short_down,-256.603598,1.633964
USD,9M-1Y,0.875000,4.150000,synthetic_curve_calibrated_to_public_market_context,short_down,-241.056772,1.739432
USD,1Y-1.5Y,1.250000,4.100000,synthetic_curve_calibrated_to_public_market_context,short_down,-219.484689,1.905153
USD,1.5Y-2Y,1.750000,4.050000,synthetic_curve_calibrated_to_public_market_context,short_down,-193.694558,2.113054
USD,2Y-3Y,2.500000,4.000000,synthetic_curve_calibrated_to_public_market_context,short_down,-160.578429,2.394216
USD,3Y-4Y,3.500000,4.000000,synthetic_curve_calibrated_to_public_market_context,short_down,-125.058606,2.749414
USD,4Y-5Y,4.500000,4.050000,synthetic_curve_calibrated_to_public_market_context,short_down,-97.395740,3.076043
USD,5Y-6Y,5.500000,4.100000,synthetic_curve_calibrated_to_public_market_context,short_down,-75.851879,3.341481
USD,6Y-7Y,6.500000,4.200000,synthetic_curve_calibrated_to_public_market_context,short_down,-59.073503,3.609265
USD,7Y-8Y,7.500000,4.300000,synthetic_curve_calibrated_to_public_market_context,short_down,-46.006490,3.839935
USD,8Y-9Y,8.500000,4.400000,synthetic_curve_calibrated_to_public_market_context,short_down,-35.829890,4.041701
USD,9Y-10Y,9.500000,4.500000,synthetic_curve_calibrated_to_public_market_context,short_down,-27.904347,4.220957
USD,10Y-15Y,12.500000,4.650000,synthetic_curve_calibrated_to_public_market_context,short_down,-13.181080,4.518189
USD,15Y-20Y,17.500000,4.800000,synthetic_curve_calibrated_to_public_market_context,short_down,-3.776443,4.762236
USD,>20Y,25.000000,4.900000,synthetic_curve_calibrated_to_public_market_context,short_down,-0.579136,4.894209
EUR,ON,0.001370,2.900000,synthetic_curve_calibrated_to_public_market_context,parallel_up,225.000000,5.150000
EUR,ON-1M,0.041667,2.900000,synthetic_curve_calibrated_to_public_market_context,parallel_up,225.000000,5.150000
EUR,1M-3M,0.166667,2.850000,synthetic_curve_calibrated_to_public_market_context,parallel_up,225.000000,5.100000
EUR,3M-6M,0.375000,2.800000,synthetic_curve_calibrated_to_public_market_context,parallel_up,225.000000,5.050000
EUR,6M-9M,0.625000,2.750000,synthetic_curve_calibrated_to_public_market_context,parallel_up,225.000000,5.000000
EUR,9M-1Y,0.875000,2.700000,synthetic_curve_calibrated_to_public_market_context,parallel_up,225.000000,4.950000
EUR,1Y-1.5Y,1.250000,2.650000,synthetic_curve_calibrated_to_public_market_context,parallel_up,225.000000,4.900000
EUR,1.5Y-2Y,1.750000,2.600000,synthetic_curve_calibrated_to_public_market_context,parallel_up,225.000000,4.850000
EUR,2Y-3Y,2.500000,2.600000,synthetic_curve_calibrated_to_public_market_context,parallel_up,225.000000,4.850000
EUR,3Y-4Y,3.500000,2.650000,synthetic_curve_calibrated_to_public_market_context,parallel_up,225.000000,4.900000
EUR,4Y-5Y,4.500000,2.750000,synthetic_curve_calibrated_to_public_market_context,parallel_up,225.000000,5.000000
EUR,5Y-6Y,5.500000,2.850000,synthetic_curve_calibrated_to_public_market_context,parallel_up,225.000000,5.100000
EUR,6Y-7Y,6.500000,2.950000,synthetic_curve_calibrated_to_public_market_context,parallel_up,225.000000,5.200000
EUR,7Y-8Y,7.500000,3.050000,synthetic_curve_calibrated_to_public_market_context,parallel_up,225.000000,5.300000
EUR,8Y-9Y,8.500000,3.150000,synthetic_curve_calibrated_to_public_market_context,parallel_up,225.000000,5.400000
EUR,9Y-10Y,9.500000,3.250000,synthetic_curve_calibrated_to_public_market_context,parallel_up,225.000000,5.500000
EUR,10Y-15Y,12.500000,3.400000,synthetic_curve_calibrated_to_public_market_context,parallel_up,225.000000,5.650000
EUR,15Y-20Y,17.500000,3.550000,synthetic_curve_calibrated_to_public_market_context,parallel_up,225.000000,5.800000
EUR,>20Y,25.000000,3.700000,synthetic_curve_calibrated_to_public_market_context,parallel_up,225.000000,5.950000
EUR,ON,0.001370,2.900000,synthetic_curve_calibrated_to_public_market_context,parallel_down,-225.000000,0.650000
EUR,ON-1M,0.041667,2.900000,synthetic_curve_calibrated_to_public_market_context,parallel_down,-225.000000,0.650000
EUR,1M-3M,0.166667,2.850000,synthetic_curve_calibrated_to_public_market_context,parallel_down,-225.000000,0.600000
EUR,3M-6M,0.375000,2.800000,synthetic_curve_calibrated_to_public_market_context,parallel_down,-225.000000,0.550000
EUR,6M-9M,0.625000,2.750000,synthetic_curve_calibrated_to_public_market_context,parallel_down,-225.000000,0.500000
EUR,9M-1Y,0.875000,2.700000,synthetic_curve_calibrated_to_public_market_context,parallel_down,-225.000000,0.450000
EUR,1Y-1.5Y,1.250000,2.650000,synthetic_curve_calibrated_to_public_market_context,parallel_down,-225.000000,0.400000
EUR,1.5Y-2Y,1.750000,2.600000,synthetic_curve_calibrated_to_public_market_context,parallel_down,-225.000000,0.350000
EUR,2Y-3Y,2.500000,2.600000,synthetic_curve_calibrated_to_public_market_context,parallel_down,-225.000000,0.350000
EUR,3Y-4Y,3.500000,2.650000,synthetic_curve_calibrated_to_public_market_context,parallel_down,-225.000000,0.400000
EUR,4Y-5Y,4.500000,2.750000,synthetic_curve_calibrated_to_public_market_context,parallel_down,-225.000000,0.500000
EUR,5Y-6Y,5.500000,2.850000,synthetic_curve_calibrated_to_public_market_context,parallel_down,-225.000000,0.600000
EUR,6Y-7Y,6.500000,2.950000,synthetic_curve_calibrated_to_public_market_context,parallel_down,-225.000000,0.700000
EUR,7Y-8Y,7.500000,3.050000,synthetic_curve_calibrated_to_public_market_context,parallel_down,-225.000000,0.800000
EUR,8Y-9Y,8.500000,3.150000,synthetic_curve_calibrated_to_public_market_context,parallel_down,-225.000000,0.900000
EUR,9Y-10Y,9.500000,3.250000,synthetic_curve_calibrated_to_public_market_context,parallel_down,-225.000000,1.000000
EUR,10Y-15Y,12.500000,3.400000,synthetic_curve_calibrated_to_public_market_context,parallel_down,-225.000000,1.150000
EUR,15Y-20Y,17.500000,3.550000,synthetic_curve_calibrated_to_public_market_context,parallel_down,-225.000000,1.300000
EUR,>20Y,25.000000,3.700000,synthetic_curve_calibrated_to_public_market_context,parallel_down,-225.000000,1.450000
EUR,ON,0.001370,2.900000,synthetic_curve_calibrated_to_public_market_context,steepener,-227.360469,0.626395
EUR,ON-1M,0.041667,2.900000,synthetic_curve_calibrated_to_public_market_context,steepener,-223.277240,0.667228
EUR,1M-3M,0.166667,2.850000,synthetic_curve_calibrated_to_public_market_context,steepener,-210.869704,0.741303
EUR,3M-6M,0.375000,2.800000,synthetic_curve_calibrated_to_public_market_context,steepener,-191.032972,0.889670
EUR,6M-9M,0.625000,2.750000,synthetic_curve_calibrated_to_public_market_context,steepener,-168.553221,1.064468
EUR,9M-1Y,0.875000,2.700000,synthetic_curve_calibrated_to_public_market_context,steepener,-147.435449,1.225646
EUR,1Y-1.5Y,1.250000,2.650000,synthetic_curve_calibrated_to_public_market_context,steepener,-118.133369,1.468666
EUR,1.5Y-2Y,1.750000,2.600000,synthetic_curve_calibrated_to_public_market_context,steepener,-83.101775,1.768982
EUR,2Y-3Y,2.500000,2.600000,synthetic_curve_calibrated_to_public_market_context,steepener,-38.119032,2.218810
EUR,3Y-4Y,3.500000,2.650000,synthetic_curve_calibrated_to_public_market_context,steepener,10.128727,2.751287
EUR,4Y-5Y,4.500000,2.750000,synthetic_curve_calibrated_to_public_market_context,steepener,47.704120,3.227041
EUR,5Y-6Y,5.500000,2.850000,synthetic_curve_calibrated_to_public_market_context,steepener,76.967865,3.619679
EUR,6Y-7Y,6.500000,2.950000,synthetic_curve_calibrated_to_public_market_context,steepener,99.758492,3.947585
EUR,7Y-8Y,7.500000,3.050000,synthetic_curve_calibrated_to_public_market_context,steepener,117.507851,4.225079
EUR,8Y-9Y,8.500000,3.150000,synthetic_curve_calibrated_to_public_market_context,steepener,131.331065,4.463311
EUR,9Y-10Y,9.500000,3.250000,synthetic_curve_calibrated_to_public_market_context,steepener,142.096596,4.670966
EUR,10Y-15Y,12.500000,3.400000,synthetic_curve_calibrated_to_public_market_context,steepener,162.095700,5.020957
EUR,15Y-20Y,17.500000,3.550000,synthetic_curve_calibrated_to_public_market_context,steepener,174.870332,5.298703
EUR,>20Y,25.000000,3.700000,synthetic_curve_calibrated_to_public_market_context,steepener,179.213340,5.492133
EUR,ON,0.001370,2.900000,synthetic_curve_calibrated_to_public_market_context,flattener,279.863037,5.698630
EUR,ON-1M,0.041667,2.900000,synthetic_curve_calibrated_to_public_market_context,flattener,275.854960,5.658550
EUR,1M-3M,0.166667,2.850000,synthetic_curve_calibrated_to_public_market_context,flattener,263.675783,5.486758
EUR,3M-6M,0.375000,2.800000,synthetic_curve_calibrated_to_public_market_context,flattener,244.204145,5.242041
EUR,6M-9M,0.625000,2.750000,synthetic_curve_calibrated_to_public_market_context,flattener,222.138131,4.971381
EUR,9M-1Y,0.875000,2.700000,synthetic_curve_calibrated_to_public_market_context,flattener,201.409029,4.714090
EUR,1Y-1.5Y,1.250000,2.650000,synthetic_curve_calibrated_to_public_market_context,flattener,172.646252,4.376463
EUR,1.5Y-2Y,1.750000,2.600000,synthetic_curve_calibrated_to_public_market_context,flattener,138.259411,3.982594
EUR,2Y-3Y,2.500000,2.600000,synthetic_curve_calibrated_to_public_market_context,flattener,94.104571,3.541046
EUR,3Y-4Y,3.500000,2.650000,synthetic_curve_calibrated_to_public_market_context,flattener,46.744808,3.117448
EUR,4Y-5Y,4.500000,2.750000,synthetic_curve_calibrated_to_public_market_context,flattener,9.860987,2.848610
EUR,5Y-6Y,5.500000,2.850000,synthetic_curve_calibrated_to_public_market_context,flattener,-18.864162,2.661358
EUR,6Y-7Y,6.500000,2.950000,synthetic_curve_calibrated_to_public_market_context,flattener,-41.235330,2.537647
EUR,7Y-8Y,7.500000,3.050000,synthetic_curve_calibrated_to_public_market_context,flattener,-58.658013,2.463420
EUR,8Y-9Y,8.500000,3.150000,synthetic_curve_calibrated_to_public_market_context,flattener,-72.226813,2.427732
EUR,9Y-10Y,9.500000,3.250000,synthetic_curve_calibrated_to_public_market_context,flattener,-82.794204,2.422058
EUR,10Y-15Y,12.500000,3.400000,synthetic_curve_calibrated_to_public_market_context,flattener,-102.425227,2.375748
EUR,15Y-20Y,17.500000,3.550000,synthetic_curve_calibrated_to_public_market_context,flattener,-114.964743,2.400353
EUR,>20Y,25.000000,3.700000,synthetic_curve_calibrated_to_public_market_context,flattener,-119.227818,2.507722
EUR,ON,0.001370,2.900000,synthetic_curve_calibrated_to_public_market_context,short_up,349.880158,6.398802
EUR,ON-1M,0.041667,2.900000,synthetic_curve_calibrated_to_public_market_context,short_up,346.373090,6.363731
EUR,1M-3M,0.166667,2.850000,synthetic_curve_calibrated_to_public_market_context,short_up,335.716310,6.207163
EUR,3M-6M,0.375000,2.800000,synthetic_curve_calibrated_to_public_market_context,short_up,318.678626,5.986786
EUR,6M-9M,0.625000,2.750000,synthetic_curve_calibrated_to_public_market_context,short_up,299.370865,5.743709
EUR,9M-1Y,0.875000,2.700000,synthetic_curve_calibrated_to_public_market_context,short_up,281.232901,5.512329
EUR,1Y-1.5Y,1.250000,2.650000,synthetic_curve_calibrated_to_public_market_context,short_up,256.065470,5.210655
EUR,1.5Y-2Y,1.750000,2.600000,synthetic_curve_calibrated_to_public_market_context,short_up,225.976984,4.859770
EUR,2Y-3Y,2.500000,2.600000,synthetic_curve_calibrated_to_public_market_context,short_up,187.341500,4.473415
EUR,3Y-4Y,3.500000,2.650000,synthetic_curve_calibrated_to_public_market_context,short_up,145.901707,4.109017
EUR,4Y-5Y,4.500000,2.750000,synthetic_curve_calibrated_to_public_market_context,short_up,113.628364,3.886284
EUR,5Y-6Y,5.500000,2.850000,synthetic_curve_calibrated_to_public_market_context,short_up,88.493859,3.734939
EUR,6Y-7Y,6.500000,2.950000,synthetic_curve_calibrated_to_public_market_context,short_up,68.919086,3.639191
EUR,7Y-8Y,7.500000,3.050000,synthetic_curve_calibrated_to_public_market_context,short_up,53.674238,3.586742
EUR,8Y-9Y,8.500000,3.150000,synthetic_curve_calibrated_to_public_market_context,short_up,41.801539,3.568015
EUR,9Y-10Y,9.500000,3.250000,synthetic_curve_calibrated_to_public_market_context,short_up,32.555071,3.575551
EUR,10Y-15Y,12.500000,3.400000,synthetic_curve_calibrated_to_public_market_context,short_up,15.377927,3.553779
EUR,15Y-20Y,17.500000,3.550000,synthetic_curve_calibrated_to_public_market_context,short_up,4.405850,3.594058
EUR,>20Y,25.000000,3.700000,synthetic_curve_calibrated_to_public_market_context,short_up,0.675659,3.706757
EUR,ON,0.001370,2.900000,synthetic_curve_calibrated_to_public_market_context,short_down,-349.880158,0.000000
EUR,ON-1M,0.041667,2.900000,synthetic_curve_calibrated_to_public_market_context,short_down,-346.373090,0.000000
EUR,1M-3M,0.166667,2.850000,synthetic_curve_calibrated_to_public_market_context,short_down,-335.716310,0.000000
EUR,3M-6M,0.375000,2.800000,synthetic_curve_calibrated_to_public_market_context,short_down,-318.678626,0.000000
EUR,6M-9M,0.625000,2.750000,synthetic_curve_calibrated_to_public_market_context,short_down,-299.370865,0.000000
EUR,9M-1Y,0.875000,2.700000,synthetic_curve_calibrated_to_public_market_context,short_down,-281.232901,0.000000
EUR,1Y-1.5Y,1.250000,2.650000,synthetic_curve_calibrated_to_public_market_context,short_down,-256.065470,0.089345
EUR,1.5Y-2Y,1.750000,2.600000,synthetic_curve_calibrated_to_public_market_context,short_down,-225.976984,0.340230
EUR,2Y-3Y,2.500000,2.600000,synthetic_curve_calibrated_to_public_market_context,short_down,-187.341500,0.726585
EUR,3Y-4Y,3.500000,2.650000,synthetic_curve_calibrated_to_public_market_context,short_down,-145.901707,1.190983
EUR,4Y-5Y,4.500000,2.750000,synthetic_curve_calibrated_to_public_market_context,short_down,-113.628364,1.613716
EUR,5Y-6Y,5.500000,2.850000,synthetic_curve_calibrated_to_public_market_context,short_down,-88.493859,1.965061
EUR,6Y-7Y,6.500000,2.950000,synthetic_curve_calibrated_to_public_market_context,short_down,-68.919086,2.260809
EUR,7Y-8Y,7.500000,3.050000,synthetic_curve_calibrated_to_public_market_context,short_down,-53.674238,2.513258
EUR,8Y-9Y,8.500000,3.150000,synthetic_curve_calibrated_to_public_market_context,short_down,-41.801539,2.731985
EUR,9Y-10Y,9.500000,3.250000,synthetic_curve_calibrated_to_public_market_context,short_down,-32.555071,2.924449
EUR,10Y-15Y,12.500000,3.400000,synthetic_curve_calibrated_to_public_market_context,short_down,-15.377927,3.246221
EUR,15Y-20Y,17.500000,3.550000,synthetic_curve_calibrated_to_public_market_context,short_down,-4.405850,3.505942
EUR,>20Y,25.000000,3.700000,synthetic_curve_calibrated_to_public_market_context,short_down,-0.675659,3.693243
